Nissan,Versa,2011,33.575554,-112.10702,PHOENIX,Arizona,85071,1
Nissan,Versa,2011,33.56723,-112.10335,PHOENIX,Arizona,85071,1
Nissan,Versa,2011,33.624344,-112.075294,PHOENIX,Arizona,85071,1
Nissan,Versa,2011,33.592865,-112.13115,PHOENIX,Arizona,85071,1
Cadillac,Cimarron,1986,30.326103,-96.85445,DIME BOX,Texas,77853,2
Cadillac,Cimarron,1986,30.373941,-96.79895,DIME BOX,Texas,77853,2
Cadillac,Cimarron,1986,30.35327,-96.800316,DIME BOX,Texas,77853,2
Cadillac,Cimarron,1986,30.375053,-96.84167,DIME BOX,Texas,77853,2
Cadillac,Cimarron,1986,30.32051,-96.837074,DIME BOX,Texas,77853,2
Cadillac,Cimarron,1986,30.372786,-96.81383,DIME BOX,Texas,77853,2
Toyota,Truck 2WD,1989,38.84935,-77.072395,ARLINGTON,Virginia,22240,3
Toyota,Truck 2WD,1989,38.84821,-77.11024,ARLINGTON,Virginia,22240,3
Toyota,Truck 2WD,1989,38.845875,-77.114105,ARLINGTON,Virginia,22240,3
Toyota,Truck 2WD,1989,38.870438,-77.121315,ARLINGTON,Virginia,22240,3
Toyota,Truck 2WD,1989,38.84842,-77.1142,ARLINGTON,Virginia,22240,3
Toyota,Truck 2WD,1989,38.861713,-77.11485,ARLINGTON,Virginia,22240,3
Toyota,Truck 2WD,1989,38.888298,-77.0909,ARLINGTON,Virginia,22240,3
Toyota,T100 2WD,1995,41.084538,-90.35842,RIO,Illinois,61472,4
Toyota,T100 2WD,1995,41.06529,-90.39266,RIO,Illinois,61472,4
Toyota,T100 2WD,1995,41.119415,-90.40248,RIO,Illinois,61472,4
Toyota,T100 2WD,1995,41.1026,-90.40367,RIO,Illinois,61472,4
Toyota,T100 2WD,1995,41.08092,-90.39341,RIO,Illinois,61472,4
Toyota,T100 2WD,1995,41.094147,-90.40918,RIO,Illinois,61472,4
Toyota,T100 2WD,1995,41.05253,-90.35441,RIO,Illinois,61472,4
Toyota,T100 2WD,1995,41.065002,-90.386375,RIO,Illinois,61472,4
Toyota,T100 2WD,1995,41.053436,-90.41226,RIO,Illinois,61472,4
Toyota,T100 2WD,1995,41.069412,-90.36348,RIO,Illinois,61472,4
Toyota,T100 2WD,1995,41.089924,-90.43404,RIO,Illinois,61472,4
Kia,Optima Plug-in Hybrid,2017,31.879356,-106.387436,EL PASO,Texas,88538,5
Kia,Optima Plug-in Hybrid,2017,31.815865,-106.42412,EL PASO,Texas,88538,5
Kia,Optima Plug-in Hybrid,2017,31.837051,-106.41475,EL PASO,Texas,88538,5
Kia,Optima Plug-in Hybrid,2017,31.869514,-106.44119,EL PASO,Texas,88538,5
Kia,Optima Plug-in Hybrid,2017,31.822262,-106.4495,EL PASO,Texas,88538,5
Kia,Optima Plug-in Hybrid,2017,31.831308,-106.43513,EL PASO,Texas,88538,5
Suzuki,Grand Vitara,2006,42.362247,-71.12649,SOMERVILLE,Massachusetts,2144,6
Suzuki,Grand Vitara,2006,42.380047,-71.106026,SOMERVILLE,Massachusetts,2144,6
Suzuki,Grand Vitara,2006,42.40372,-71.08046,SOMERVILLE,Massachusetts,2144,6
Suzuki,Grand Vitara,2006,42.424263,-71.071945,SOMERVILLE,Massachusetts,2144,6
Suzuki,Grand Vitara,2006,42.358784,-71.08643,SOMERVILLE,Massachusetts,2144,6
Suzuki,Grand Vitara,2006,42.379063,-71.11416,SOMERVILLE,Massachusetts,2144,6
Suzuki,Grand Vitara,2006,42.399723,-71.06536,SOMERVILLE,Massachusetts,2144,6
Suzuki,Grand Vitara,2006,42.37549,-71.10494,SOMERVILLE,Massachusetts,2144,6
Suzuki,Grand Vitara,2006,42.350033,-71.05679,SOMERVILLE,Massachusetts,2144,6
Infiniti,G35,2007,25.749748,-80.15633,MIAMI,Florida,33283,7
Infiniti,G35,2007,25.770721,-80.24305,MIAMI,Florida,33283,7
Infiniti,G35,2007,25.771328,-80.23053,MIAMI,Florida,33283,7
Infiniti,G35,2007,25.794115,-80.21943,MIAMI,Florida,33283,7
Mazda,Protege,1992,42.183884,-72.63053,HOLYOKE,Massachusetts,1041,8
Mazda,Protege,1992,42.205982,-72.60291,HOLYOKE,Massachusetts,1041,8
Mazda,Protege,1992,42.21927,-72.625565,HOLYOKE,Massachusetts,1041,8
Mazda,Protege,1992,42.171497,-72.65063,HOLYOKE,Massachusetts,1041,8
Mazda,Protege,1992,42.193066,-72.63572,HOLYOKE,Massachusetts,1041,8
Mazda,Protege,1992,42.219418,-72.621666,HOLYOKE,Massachusetts,1041,8
Mazda,Protege,1992,42.228565,-72.59748,HOLYOKE,Massachusetts,1041,8
Mazda,Protege,1992,42.213223,-72.636215,HOLYOKE,Massachusetts,1041,8
Mazda,Protege,1992,42.21381,-72.62305,HOLYOKE,Massachusetts,1041,8
Oldsmobile,Silhouette 2WD,1992,31.480785,-100.44307,SAN ANGELO,Texas,76902,9
Oldsmobile,Silhouette 2WD,1992,31.46673,-100.424576,SAN ANGELO,Texas,76902,9
Oldsmobile,Silhouette 2WD,1992,31.44224,-100.45525,SAN ANGELO,Texas,76902,9
Dodge,Dakota Pickup 4WD,1988,34.312714,-112.629944,KIRKLAND,Arizona,86332,10
Dodge,Dakota Pickup 4WD,1988,34.27589,-112.65887,KIRKLAND,Arizona,86332,10
Dodge,Dakota Pickup 4WD,1988,34.318386,-112.65135,KIRKLAND,Arizona,86332,10
Dodge,Dakota Pickup 4WD,1988,34.263885,-112.69311,KIRKLAND,Arizona,86332,10
Dodge,Dakota Pickup 4WD,1988,34.28648,-112.66004,KIRKLAND,Arizona,86332,10
Dodge,Dakota Pickup 4WD,1988,34.2697,-112.646034,KIRKLAND,Arizona,86332,10
Dodge,Dakota Pickup 4WD,1988,34.286377,-112.63253,KIRKLAND,Arizona,86332,10
Dodge,Dakota Pickup 4WD,1988,34.316147,-112.67088,KIRKLAND,Arizona,86332,10
Dodge,Dakota Pickup 4WD,1988,34.278347,-112.65563,KIRKLAND,Arizona,86332,10
Dodge,Dakota Pickup 4WD,1988,34.25754,-112.63862,KIRKLAND,Arizona,86332,10
BMW,Z4 3.0si,2007,43.25396,-75.012566,POLAND,New York,13431,11
BMW,Z4 3.0si,2007,43.196716,-75.07059,POLAND,New York,13431,11
BMW,Z4 3.0si,2007,43.238323,-75.066795,POLAND,New York,13431,11
BMW,Z4 3.0si,2007,43.22918,-75.07067,POLAND,New York,13431,11
BMW,Z4 3.0si,2007,43.22193,-75.08127,POLAND,New York,13431,11
BMW,Z4 3.0si,2007,43.212364,-75.04913,POLAND,New York,13431,11
BMW,Z4 3.0si,2007,43.213303,-75.030815,POLAND,New York,13431,11
BMW,Z4 3.0si,2007,43.21684,-75.04771,POLAND,New York,13431,11
BMW,Z4 3.0si,2007,43.241505,-75.05983,POLAND,New York,13431,11
Hyundai,Santa Fe 2WD,2006,38.38554,-121.855,DIXON,California,95620,12
Hyundai,Santa Fe 2WD,2006,38.40818,-121.82012,DIXON,California,95620,12
Hyundai,Santa Fe 2WD,2006,38.359596,-121.840126,DIXON,California,95620,12
Hyundai,Santa Fe 2WD,2006,38.398,-121.78003,DIXON,California,95620,12
Hyundai,Santa Fe 2WD,2006,38.352146,-121.82112,DIXON,California,95620,12
Hyundai,Santa Fe 2WD,2006,38.381786,-121.7954,DIXON,California,95620,12
Volkswagen,Passat Wagon,2001,34.03558,-118.27206,LOS ANGELES,California,90015,13
Volkswagen,Passat Wagon,2001,33.99484,-118.25186,LOS ANGELES,California,90015,13
Volkswagen,Passat Wagon,2001,34.00987,-118.259346,LOS ANGELES,California,90015,13
Volkswagen,Passat Wagon,2001,33.99913,-118.24846,LOS ANGELES,California,90015,13
Volkswagen,Passat Wagon,2001,34.00271,-118.25903,LOS ANGELES,California,90015,13
Volkswagen,Passat Wagon,2001,34.011963,-118.28124,LOS ANGELES,California,90015,13
Volkswagen,Passat Wagon,2001,34.026737,-118.23983,LOS ANGELES,California,90015,13
Volkswagen,Passat Wagon,2001,33.99917,-118.27984,LOS ANGELES,California,90015,13
Subaru,Impreza Wagon/Outback SPT AWD,2003,33.489883,-112.06176,PHOENIX,Arizona,85003,14
Subaru,Impreza Wagon/Outback SPT AWD,2003,33.479603,-112.040726,PHOENIX,Arizona,85003,14
Subaru,Impreza Wagon/Outback SPT AWD,2003,33.448147,-112.089066,PHOENIX,Arizona,85003,14
Subaru,Impreza Wagon/Outback SPT AWD,2003,33.461998,-112.045616,PHOENIX,Arizona,85003,14
Subaru,Impreza Wagon/Outback SPT AWD,2003,33.456062,-112.05555,PHOENIX,Arizona,85003,14
Subaru,Impreza Wagon/Outback SPT AWD,2003,33.439426,-112.056175,PHOENIX,Arizona,85003,14
Subaru,Impreza Wagon/Outback SPT AWD,2003,33.450275,-112.06848,PHOENIX,Arizona,85003,14
Subaru,Impreza Wagon/Outback SPT AWD,2003,33.47723,-112.086914,PHOENIX,Arizona,85003,14
Geo,Tracker Convertible 4WD,1989,38.267944,-85.71058,JEFFERSONVILLE,Indiana,47134,15
Geo,Tracker Convertible 4WD,1989,38.306263,-85.7658,JEFFERSONVILLE,Indiana,47134,15
Geo,Tracker Convertible 4WD,1989,38.325253,-85.70302,JEFFERSONVILLE,Indiana,47134,15
Geo,Tracker Convertible 4WD,1989,38.34258,-85.75939,JEFFERSONVILLE,Indiana,47134,15
Toyota,Tacoma 2WD,1996,30.135275,-93.984116,VIDOR,Texas,77670,16
Toyota,Tacoma 2WD,1996,30.127445,-94.000565,VIDOR,Texas,77670,16
Toyota,Tacoma 2WD,1996,30.132343,-94.02044,VIDOR,Texas,77670,16
Toyota,Tacoma 2WD,1996,30.122974,-94.040695,VIDOR,Texas,77670,16
Toyota,Tacoma 2WD,1996,30.128332,-94.011925,VIDOR,Texas,77670,16
Toyota,Tacoma 2WD,1996,30.077122,-94.01791,VIDOR,Texas,77670,16
Toyota,Tacoma 2WD,1996,30.084976,-94.041534,VIDOR,Texas,77670,16
Toyota,Tacoma 2WD,1996,30.161219,-93.97665,VIDOR,Texas,77670,16
BMW,X5 xDrive50i,2014,41.06115,-80.61498,YOUNGSTOWN,Ohio,44511,17
BMW,X5 xDrive50i,2014,41.094837,-80.60755,YOUNGSTOWN,Ohio,44511,17
BMW,X5 xDrive50i,2014,41.086304,-80.65776,YOUNGSTOWN,Ohio,44511,17
BMW,X5 xDrive50i,2014,41.11493,-80.61285,YOUNGSTOWN,Ohio,44511,17
BMW,X5 xDrive50i,2014,41.080376,-80.62228,YOUNGSTOWN,Ohio,44511,17
BMW,X5 xDrive50i,2014,41.121357,-80.656845,YOUNGSTOWN,Ohio,44511,17
BMW,X5 xDrive50i,2014,41.07776,-80.6254,YOUNGSTOWN,Ohio,44511,17
Porsche,Boxster GTS,2016,41.915424,-72.75445,GRANBY,Connecticut,6035,18
Porsche,Boxster GTS,2016,41.97197,-72.758194,GRANBY,Connecticut,6035,18
Porsche,Boxster GTS,2016,41.988125,-72.80691,GRANBY,Connecticut,6035,18
Porsche,Boxster GTS,2016,41.950756,-72.81331,GRANBY,Connecticut,6035,18
Porsche,Boxster GTS,2016,41.989204,-72.77499,GRANBY,Connecticut,6035,18
Porsche,Boxster GTS,2016,41.935364,-72.78638,GRANBY,Connecticut,6035,18
Porsche,Boxster GTS,2016,41.908257,-72.7985,GRANBY,Connecticut,6035,18
Porsche,Boxster GTS,2016,41.98045,-72.82466,GRANBY,Connecticut,6035,18
Porsche,Boxster GTS,2016,41.96033,-72.79001,GRANBY,Connecticut,6035,18
Porsche,Boxster GTS,2016,41.957363,-72.779335,GRANBY,Connecticut,6035,18
Chevrolet,Spark,2016,40.751743,-79.6044,CADOGAN,Pennsylvania,16212,19
Chevrolet,Spark,2016,40.71983,-79.58943,CADOGAN,Pennsylvania,16212,19
Chevrolet,Spark,2016,40.722973,-79.58205,CADOGAN,Pennsylvania,16212,19
Chevrolet,Spark,2016,40.73923,-79.59715,CADOGAN,Pennsylvania,16212,19
Chevrolet,Spark,2016,40.7233,-79.55176,CADOGAN,Pennsylvania,16212,19
Chevrolet,Spark,2016,40.741566,-79.59572,CADOGAN,Pennsylvania,16212,19
Chevrolet,Spark,2016,40.740704,-79.56056,CADOGAN,Pennsylvania,16212,19
Volkswagen,Passat Wagon Syncro,1998,46.066425,-84.066345,GOETZVILLE,Michigan,49736,20
Volkswagen,Passat Wagon Syncro,1998,46.070488,-84.08598,GOETZVILLE,Michigan,49736,20
Volkswagen,Passat Wagon Syncro,1998,46.09893,-84.08456,GOETZVILLE,Michigan,49736,20
Volkswagen,Passat Wagon Syncro,1998,46.10854,-84.084175,GOETZVILLE,Michigan,49736,20
Volkswagen,Passat Wagon Syncro,1998,46.116516,-84.113785,GOETZVILLE,Michigan,49736,20
Lotus,Esprit Turbo HC PI,1987,38.912678,-79.95979,NORTON,West Virginia,26285,21
Lotus,Esprit Turbo HC PI,1987,38.93048,-79.92914,NORTON,West Virginia,26285,21
Lotus,Esprit Turbo HC PI,1987,38.91032,-79.946075,NORTON,West Virginia,26285,21
Lotus,Esprit Turbo HC PI,1987,38.9586,-79.952774,NORTON,West Virginia,26285,21
Lotus,Esprit Turbo HC PI,1987,38.933186,-79.94127,NORTON,West Virginia,26285,21
Volkswagen,Golf,2010,35.989826,-115.02431,HENDERSON,Nevada,89012,22
Volkswagen,Golf,2010,36.001278,-115.03732,HENDERSON,Nevada,89012,22
Volkswagen,Golf,2010,36.028385,-115.063,HENDERSON,Nevada,89012,22
Volkswagen,Golf,2010,35.992195,-115.05387,HENDERSON,Nevada,89012,22
Volkswagen,Golf,2010,35.9745,-115.00535,HENDERSON,Nevada,89012,22
Volkswagen,Golf,2010,35.98272,-115.06272,HENDERSON,Nevada,89012,22
Volkswagen,Golf,2010,36.024315,-115.053154,HENDERSON,Nevada,89012,22
Volkswagen,Golf,2010,35.992867,-115.05022,HENDERSON,Nevada,89012,22
Volkswagen,Golf,2010,35.991405,-115.03315,HENDERSON,Nevada,89012,22
Lexus,LS 460 L AWD,2010,39.734364,-119.82279,RENO,Nevada,89506,23
Lexus,LS 460 L AWD,2010,39.745693,-119.854576,RENO,Nevada,89506,23
Lexus,LS 460 L AWD,2010,39.74438,-119.8521,RENO,Nevada,89506,23
Lexus,LS 460 L AWD,2010,39.792652,-119.890564,RENO,Nevada,89506,23
Lexus,LS 460 L AWD,2010,39.75127,-119.90482,RENO,Nevada,89506,23
Lexus,LS 460 L AWD,2010,39.74013,-119.8411,RENO,Nevada,89506,23
Ford,Thunderbird,1985,40.606228,-78.72743,CARROLLTOWN,Pennsylvania,15722,24
Ford,Thunderbird,1985,40.581974,-78.67174,CARROLLTOWN,Pennsylvania,15722,24
Ford,Thunderbird,1985,40.59135,-78.679306,CARROLLTOWN,Pennsylvania,15722,24
Ford,Thunderbird,1985,40.602074,-78.707085,CARROLLTOWN,Pennsylvania,15722,24
Ford,Thunderbird,1985,40.58226,-78.699135,CARROLLTOWN,Pennsylvania,15722,24
Ford,Thunderbird,1985,40.621037,-78.68889,CARROLLTOWN,Pennsylvania,15722,24
Ford,Thunderbird,1985,40.629776,-78.71268,CARROLLTOWN,Pennsylvania,15722,24
Ford,Thunderbird,1985,40.581066,-78.67823,CARROLLTOWN,Pennsylvania,15722,24
Nissan,Truck 4WD,1997,42.47269,-78.307785,FREEDOM,New York,14065,25
Nissan,Truck 4WD,1997,42.498756,-78.36374,FREEDOM,New York,14065,25
Nissan,Truck 4WD,1997,42.45069,-78.329704,FREEDOM,New York,14065,25
Nissan,Truck 4WD,1997,42.452404,-78.33779,FREEDOM,New York,14065,25
Nissan,Truck 4WD,1997,42.510723,-78.3256,FREEDOM,New York,14065,25
Nissan,Truck 4WD,1997,42.48273,-78.33429,FREEDOM,New York,14065,25
BMW,X5 xDrive35d,2012,34.998997,-101.919556,CANYON,Texas,79016,26
BMW,X5 xDrive35d,2012,34.95262,-101.91295,CANYON,Texas,79016,26
BMW,X5 xDrive35d,2012,34.95986,-101.91856,CANYON,Texas,79016,26
BMW,X5 xDrive35d,2012,34.989227,-101.89871,CANYON,Texas,79016,26
BMW,X5 xDrive35d,2012,34.962154,-101.933495,CANYON,Texas,79016,26
BMW,X5 xDrive35d,2012,34.946377,-101.906364,CANYON,Texas,79016,26
BMW,X5 xDrive35d,2012,34.94056,-101.891205,CANYON,Texas,79016,26
BMW,X5 xDrive35d,2012,35.00513,-101.894936,CANYON,Texas,79016,26
Lexus,RX 450h L AWD,2018,45.746544,-108.50117,BILLINGS,Montana,59112,27
Lexus,RX 450h L AWD,2018,45.804855,-108.53922,BILLINGS,Montana,59112,27
Lexus,RX 450h L AWD,2018,45.772938,-108.54183,BILLINGS,Montana,59112,27
Lexus,RX 450h L AWD,2018,45.79622,-108.534966,BILLINGS,Montana,59112,27
Lexus,RX 450h L AWD,2018,45.771614,-108.54059,BILLINGS,Montana,59112,27
Lexus,RX 450h L AWD,2018,45.7862,-108.52819,BILLINGS,Montana,59112,27
Lexus,RX 450h L AWD,2018,45.810432,-108.55077,BILLINGS,Montana,59112,27
Lexus,RX 450h L AWD,2018,45.77935,-108.49775,BILLINGS,Montana,59112,27
Lexus,RX 450h L AWD,2018,45.793194,-108.54881,BILLINGS,Montana,59112,27
Mitsubishi,Nativa 2WD (Puerto Rico Only),2002,34.833088,-82.38481,GREENVILLE,South Carolina,29612,28
Mitsubishi,Nativa 2WD (Puerto Rico Only),2002,34.80867,-82.394035,GREENVILLE,South Carolina,29612,28
Mitsubishi,Nativa 2WD (Puerto Rico Only),2002,34.846355,-82.370285,GREENVILLE,South Carolina,29612,28
Mitsubishi,Nativa 2WD (Puerto Rico Only),2002,34.7956,-82.35309,GREENVILLE,South Carolina,29612,28
Wallace Environmental,Wetl 300 CE,1991,34.011173,-91.758064,YORKTOWN,Arkansas,71678,29
Wallace Environmental,Wetl 300 CE,1991,34.004944,-91.75678,YORKTOWN,Arkansas,71678,29
Wallace Environmental,Wetl 300 CE,1991,34.015423,-91.72841,YORKTOWN,Arkansas,71678,29
Wallace Environmental,Wetl 300 CE,1991,34.007584,-91.773674,YORKTOWN,Arkansas,71678,29
Wallace Environmental,Wetl 300 CE,1991,34.045303,-91.771706,YORKTOWN,Arkansas,71678,29
Wallace Environmental,Wetl 300 CE,1991,33.993977,-91.75956,YORKTOWN,Arkansas,71678,29
Wallace Environmental,Wetl 300 CE,1991,34.012268,-91.801445,YORKTOWN,Arkansas,71678,29
Wallace Environmental,Wetl 300 CE,1991,34.003265,-91.803024,YORKTOWN,Arkansas,71678,29
Mercedes-Benz,SLK55 AMG,2008,42.488327,-90.84719,PEOSTA,Iowa,52068,30
Mercedes-Benz,SLK55 AMG,2008,42.477726,-90.852005,PEOSTA,Iowa,52068,30
Mercedes-Benz,SLK55 AMG,2008,42.46721,-90.823906,PEOSTA,Iowa,52068,30
Mercedes-Benz,SLK55 AMG,2008,42.444702,-90.88193,PEOSTA,Iowa,52068,30
Mercedes-Benz,SLK55 AMG,2008,42.437702,-90.87708,PEOSTA,Iowa,52068,30
Mercedes-Benz,SLK55 AMG,2008,42.475574,-90.84815,PEOSTA,Iowa,52068,30
Mercedes-Benz,SLK55 AMG,2008,42.480263,-90.865364,PEOSTA,Iowa,52068,30
Mercedes-Benz,SLK55 AMG,2008,42.41587,-90.849594,PEOSTA,Iowa,52068,30
Mercedes-Benz,SLK55 AMG,2008,42.437855,-90.815765,PEOSTA,Iowa,52068,30
Mercedes-Benz,SLK55 AMG,2008,42.420628,-90.86423,PEOSTA,Iowa,52068,30
Mercedes-Benz,SLK55 AMG,2008,42.39741,-90.872856,PEOSTA,Iowa,52068,30
Volkswagen,Jetta,2004,39.801056,-84.18901,DAYTON,Ohio,45410,31
Volkswagen,Jetta,2004,39.78918,-84.22278,DAYTON,Ohio,45410,31
Volkswagen,Jetta,2004,39.749744,-84.17104,DAYTON,Ohio,45410,31
Volkswagen,Jetta,2004,39.78133,-84.18246,DAYTON,Ohio,45410,31
Volkswagen,Jetta,2004,39.770466,-84.19469,DAYTON,Ohio,45410,31
Peugeot,505 Station Wagon,1986,46.10378,-118.28972,WALLA WALLA,Washington,99362,32
Peugeot,505 Station Wagon,1986,46.104786,-118.33729,WALLA WALLA,Washington,99362,32
Peugeot,505 Station Wagon,1986,46.07452,-118.30945,WALLA WALLA,Washington,99362,32
Peugeot,505 Station Wagon,1986,46.08388,-118.31003,WALLA WALLA,Washington,99362,32
Peugeot,505 Station Wagon,1986,46.128895,-118.28553,WALLA WALLA,Washington,99362,32
Porsche,Carrera 2 Coupe,2008,35.072136,-85.23806,CHATTANOOGA,Tennessee,37450,33
Porsche,Carrera 2 Coupe,2008,35.09551,-85.27068,CHATTANOOGA,Tennessee,37450,33
Porsche,Carrera 2 Coupe,2008,35.0589,-85.25283,CHATTANOOGA,Tennessee,37450,33
Porsche,Carrera 2 Coupe,2008,35.05406,-85.22679,CHATTANOOGA,Tennessee,37450,33
Volvo,XC60 AWD PHEV,2018,31.576422,-93.42376,MANY,Lousiana,71449,34
Volvo,XC60 AWD PHEV,2018,31.518913,-93.4715,MANY,Lousiana,71449,34
Volvo,XC60 AWD PHEV,2018,31.531954,-93.50852,MANY,Lousiana,71449,34
Volvo,XC60 AWD PHEV,2018,31.52993,-93.47144,MANY,Lousiana,71449,34
Volvo,XC60 AWD PHEV,2018,31.562418,-93.448746,MANY,Lousiana,71449,34
Volvo,XC60 AWD PHEV,2018,31.531916,-93.455505,MANY,Lousiana,71449,34
Volvo,XC60 AWD PHEV,2018,31.540583,-93.448074,MANY,Lousiana,71449,34
Volvo,XC60 AWD,2012,33.488014,-81.83602,LANGLEY,South Carolina,29834,35
Volvo,XC60 AWD,2012,33.492413,-81.87935,LANGLEY,South Carolina,29834,35
Dodge,Lancer,1988,39.05505,-77.48835,ASHBURN,Virginia,20147,36
Dodge,Lancer,1988,39.029083,-77.45217,ASHBURN,Virginia,20147,36
Dodge,Lancer,1988,39.06366,-77.513756,ASHBURN,Virginia,20147,36
Dodge,Lancer,1988,39.041008,-77.4883,ASHBURN,Virginia,20147,36
Dodge,Lancer,1988,39.020725,-77.47711,ASHBURN,Virginia,20147,36
Dodge,Lancer,1988,39.007378,-77.46401,ASHBURN,Virginia,20147,36
Dodge,Lancer,1988,39.00554,-77.4989,ASHBURN,Virginia,20147,36
Dodge,Lancer,1988,39.03988,-77.5067,ASHBURN,Virginia,20147,36
GMC,Acadia FWD,2013,35.5196,-120.99515,HARMONY,California,93435,37
GMC,Acadia FWD,2013,35.51962,-121.031,HARMONY,California,93435,37
Ford,Explorer 4WD,1996,30.423897,-92.04785,GRAND COTEAU,Lousiana,70541,38
Ford,Explorer 4WD,1996,30.433329,-92.04834,GRAND COTEAU,Lousiana,70541,38
Ford,Explorer 4WD,1996,30.4349,-92.03379,GRAND COTEAU,Lousiana,70541,38
Ford,Explorer 4WD,1996,30.380411,-92.03501,GRAND COTEAU,Lousiana,70541,38
Ford,Explorer 4WD,1996,30.405418,-92.00613,GRAND COTEAU,Lousiana,70541,38
Ford,Explorer 4WD,1996,30.378086,-92.02054,GRAND COTEAU,Lousiana,70541,38
Isuzu,Pickup 2WD,1995,46.31802,-85.455894,NEWBERRY,Michigan,49868,39
Isuzu,Pickup 2WD,1995,46.324165,-85.521996,NEWBERRY,Michigan,49868,39
Chevrolet,Spark EV,2016,42.339817,-89.0085,MACHESNEY PARK,Illinois,61115,40
Chevrolet,Spark EV,2016,42.3649,-89.034325,MACHESNEY PARK,Illinois,61115,40
Chevrolet,Spark EV,2016,42.39001,-89.00491,MACHESNEY PARK,Illinois,61115,40
Chevrolet,Spark EV,2016,42.376698,-89.01094,MACHESNEY PARK,Illinois,61115,40
Chevrolet,Spark EV,2016,42.3602,-89.06028,MACHESNEY PARK,Illinois,61115,40
Chevrolet,Spark EV,2016,42.344425,-89.04922,MACHESNEY PARK,Illinois,61115,40
Chevrolet,Spark EV,2016,42.337467,-88.98505,MACHESNEY PARK,Illinois,61115,40
Chevrolet,Spark EV,2016,42.382698,-89.063774,MACHESNEY PARK,Illinois,61115,40
Chevrolet,Spark EV,2016,42.385704,-88.99233,MACHESNEY PARK,Illinois,61115,40
BMW,328ci Convertible,2008,34.354565,-93.21206,BISMARCK,Arkansas,71929,41
BMW,328ci Convertible,2008,34.351746,-93.19524,BISMARCK,Arkansas,71929,41
Toyota,Sienna 2WD,2007,42.215897,-78.62347,GREAT VALLEY,New York,14741,42
Toyota,Sienna 2WD,2007,42.249294,-78.57559,GREAT VALLEY,New York,14741,42
Toyota,Sienna 2WD,2007,42.18079,-78.54213,GREAT VALLEY,New York,14741,42
Toyota,Sienna 2WD,2007,42.23068,-78.61287,GREAT VALLEY,New York,14741,42
Toyota,Sienna 2WD,2007,42.187218,-78.63233,GREAT VALLEY,New York,14741,42
Toyota,Sienna 2WD,2007,42.24103,-78.61719,GREAT VALLEY,New York,14741,42
Toyota,Sienna 2WD,2007,42.19428,-78.61887,GREAT VALLEY,New York,14741,42
Honda,Element 4WD,2010,42.318466,-88.28357,MCHENRY,Illinois,60051,43
Honda,Element 4WD,2010,42.305206,-88.31575,MCHENRY,Illinois,60051,43
Honda,Element 4WD,2010,42.336567,-88.31727,MCHENRY,Illinois,60051,43
Honda,Element 4WD,2010,42.314228,-88.26761,MCHENRY,Illinois,60051,43
Honda,Element 4WD,2010,42.384605,-88.24319,MCHENRY,Illinois,60051,43
Honda,Element 4WD,2010,42.33721,-88.32415,MCHENRY,Illinois,60051,43
Honda,Element 4WD,2010,42.330997,-88.28332,MCHENRY,Illinois,60051,43
Hyundai,Santa Fe 2WD,2004,40.140972,-76.0249,EAST EARL,Pennsylvania,17519,44
Hyundai,Santa Fe 2WD,2004,40.157642,-76.00247,EAST EARL,Pennsylvania,17519,44
Hyundai,Santa Fe 2WD,2004,40.144905,-75.98966,EAST EARL,Pennsylvania,17519,44
Hyundai,Santa Fe 2WD,2004,40.16507,-76.02407,EAST EARL,Pennsylvania,17519,44
Hyundai,Santa Fe 2WD,2004,40.101727,-76.0396,EAST EARL,Pennsylvania,17519,44
Hyundai,Santa Fe 2WD,2004,40.180054,-76.045395,EAST EARL,Pennsylvania,17519,44
Hyundai,Santa Fe 2WD,2004,40.153667,-76.00932,EAST EARL,Pennsylvania,17519,44
Hyundai,Santa Fe 2WD,2004,40.13792,-76.04652,EAST EARL,Pennsylvania,17519,44
Hyundai,Santa Fe 2WD,2004,40.14442,-76.0261,EAST EARL,Pennsylvania,17519,44
Buick,Skyhawk,1985,36.723373,-101.08215,ADAMS,Oklahoma,73901,45
Buick,Skyhawk,1985,36.79639,-101.08844,ADAMS,Oklahoma,73901,45
Buick,Skyhawk,1985,36.761425,-101.05339,ADAMS,Oklahoma,73901,45
Buick,Skyhawk,1985,36.723816,-101.08662,ADAMS,Oklahoma,73901,45
Buick,Skyhawk,1985,36.771214,-101.08828,ADAMS,Oklahoma,73901,45
Buick,Skyhawk,1985,36.76961,-101.0879,ADAMS,Oklahoma,73901,45
Buick,Skyhawk,1985,36.743187,-101.08118,ADAMS,Oklahoma,73901,45
Buick,Skyhawk,1985,36.770798,-101.07632,ADAMS,Oklahoma,73901,45
Buick,Skyhawk,1985,36.751144,-101.05704,ADAMS,Oklahoma,73901,45
Buick,Skyhawk,1985,36.76272,-101.07906,ADAMS,Oklahoma,73901,45
Buick,Skyhawk,1985,36.72433,-101.0962,ADAMS,Oklahoma,73901,45
Saturn,Astra 2DR Hatchback,2008,33.066,-80.31075,RIDGEVILLE,South Carolina,29472,46
Saturn,Astra 2DR Hatchback,2008,33.07383,-80.2963,RIDGEVILLE,South Carolina,29472,46
Toyota,Van 2WD,1987,25.859148,-80.26941,HIALEAH,Florida,33017,47
Toyota,Van 2WD,1987,25.8446,-80.29128,HIALEAH,Florida,33017,47
Toyota,Van 2WD,1987,25.871113,-80.30309,HIALEAH,Florida,33017,47
Toyota,Van 2WD,1987,25.883572,-80.28938,HIALEAH,Florida,33017,47
Toyota,Van 2WD,1987,25.871145,-80.249344,HIALEAH,Florida,33017,47
Toyota,Van 2WD,1987,25.88999,-80.28247,HIALEAH,Florida,33017,47
Toyota,Van 2WD,1987,25.842611,-80.29022,HIALEAH,Florida,33017,47
Toyota,Van 2WD,1987,25.86837,-80.27629,HIALEAH,Florida,33017,47
Toyota,Van 2WD,1987,25.86303,-80.28165,HIALEAH,Florida,33017,47
Nissan,Pulsar NX,1986,34.876316,-79.7413,HAMLET,North Carolina,28345,48
Nissan,Pulsar NX,1986,34.91656,-79.68384,HAMLET,North Carolina,28345,48
Nissan,Pulsar NX,1986,34.91628,-79.68148,HAMLET,North Carolina,28345,48
Nissan,Pulsar NX,1986,34.867687,-79.72338,HAMLET,North Carolina,28345,48
Nissan,Pulsar NX,1986,34.84655,-79.71033,HAMLET,North Carolina,28345,48
Chevrolet,K10 Pickup 4WD,1988,42.265408,-92.70646,LINCOLN,Iowa,50652,49
Chevrolet,K10 Pickup 4WD,1988,42.276527,-92.67541,LINCOLN,Iowa,50652,49
Chevrolet,K10 Pickup 4WD,1988,42.251675,-92.68897,LINCOLN,Iowa,50652,49
Chevrolet,K10 Pickup 4WD,1988,42.28271,-92.68145,LINCOLN,Iowa,50652,49
Chevrolet,K10 Pickup 4WD,1988,42.25158,-92.677666,LINCOLN,Iowa,50652,49
Chevrolet,K10 Pickup 4WD,1988,42.254105,-92.65635,LINCOLN,Iowa,50652,49
Chevrolet,K10 Pickup 4WD,1988,42.25728,-92.68788,LINCOLN,Iowa,50652,49
Honda,Odyssey,1998,33.42417,-112.075874,PHOENIX,Arizona,85096,50
Honda,Odyssey,1998,33.438976,-112.09781,PHOENIX,Arizona,85096,50
Honda,Odyssey,1998,33.46406,-112.07029,PHOENIX,Arizona,85096,50
Honda,Odyssey,1998,33.425938,-112.09991,PHOENIX,Arizona,85096,50
Honda,Odyssey,1998,33.433895,-112.102844,PHOENIX,Arizona,85096,50
Honda,Odyssey,1998,33.413437,-112.05997,PHOENIX,Arizona,85096,50
Honda,Odyssey,1998,33.444065,-112.086136,PHOENIX,Arizona,85096,50
Honda,Odyssey,1998,33.46141,-112.119545,PHOENIX,Arizona,85096,50
Honda,Odyssey,1998,33.40956,-112.06213,PHOENIX,Arizona,85096,50
Mitsubishi,Galant,2003,27.635527,-81.499535,AVON PARK,Florida,33825,51
Mitsubishi,Galant,2003,27.56785,-81.52005,AVON PARK,Florida,33825,51
Mitsubishi,Galant,2003,27.557304,-81.48881,AVON PARK,Florida,33825,51
Mitsubishi,Galant,2003,27.56985,-81.52054,AVON PARK,Florida,33825,51
Mitsubishi,Galant,2003,27.584013,-81.47769,AVON PARK,Florida,33825,51
Audi,S5,2010,41.678307,-74.9579,LAKE HUNTINGTON,New York,12752,52
Audi,S5,2010,41.658314,-74.96935,LAKE HUNTINGTON,New York,12752,52
Audi,S5,2010,41.671413,-75.00611,LAKE HUNTINGTON,New York,12752,52
Audi,S5,2010,41.688347,-75.00703,LAKE HUNTINGTON,New York,12752,52
Audi,S5,2010,41.654583,-74.99362,LAKE HUNTINGTON,New York,12752,52
Audi,S5,2010,41.709183,-74.96996,LAKE HUNTINGTON,New York,12752,52
Audi,S5,2010,41.696964,-75.00288,LAKE HUNTINGTON,New York,12752,52
Audi,S5,2010,41.673615,-74.97532,LAKE HUNTINGTON,New York,12752,52
Audi,S5,2010,41.653805,-74.973206,LAKE HUNTINGTON,New York,12752,52
Audi,S5,2010,41.717182,-74.97017,LAKE HUNTINGTON,New York,12752,52
Audi,S5,2010,41.641396,-74.9966,LAKE HUNTINGTON,New York,12752,52
Pontiac,G6 FFV,2010,36.305458,-86.04639,RIDDLETON,Tennessee,37151,53
Pontiac,G6 FFV,2010,36.37407,-86.033585,RIDDLETON,Tennessee,37151,53
Ford,Bronco II 4WD,1985,63.90455,-142.10876,CHICKEN,Alaska,99732,54
Ford,Bronco II 4WD,1985,63.84257,-142.10129,CHICKEN,Alaska,99732,54
Ford,Bronco II 4WD,1985,63.853325,-142.15659,CHICKEN,Alaska,99732,54
Ford,Bronco II 4WD,1985,63.82786,-142.15425,CHICKEN,Alaska,99732,54
Lamborghini,Huracan Spyder,2018,39.848267,-89.47413,DAWSON,Illinois,62520,55
Lamborghini,Huracan Spyder,2018,39.813362,-89.46901,DAWSON,Illinois,62520,55
Lamborghini,Huracan Spyder,2018,39.838936,-89.43282,DAWSON,Illinois,62520,55
Lamborghini,Huracan Spyder,2018,39.831215,-89.46559,DAWSON,Illinois,62520,55
Lamborghini,Huracan Spyder,2018,39.813004,-89.47522,DAWSON,Illinois,62520,55
Lamborghini,Huracan Spyder,2018,39.819176,-89.45891,DAWSON,Illinois,62520,55
Lamborghini,Huracan Spyder,2018,39.831867,-89.484886,DAWSON,Illinois,62520,55
Lamborghini,Huracan Spyder,2018,39.861797,-89.42152,DAWSON,Illinois,62520,55
Lamborghini,Huracan Spyder,2018,39.83173,-89.452034,DAWSON,Illinois,62520,55
Lamborghini,Huracan Spyder,2018,39.84737,-89.48068,DAWSON,Illinois,62520,55
Lamborghini,Huracan Spyder,2018,39.873066,-89.427826,DAWSON,Illinois,62520,55
Lincoln,MKT AWD,2010,44.51924,-98.9828,MILLER,South Dakota,57362,56
Lincoln,MKT AWD,2010,44.50231,-98.99248,MILLER,South Dakota,57362,56
Lincoln,MKT AWD,2010,44.51548,-98.94534,MILLER,South Dakota,57362,56
Saab,9-3 Sport Sedan,2007,40.448067,-74.345535,SAYREVILLE,New Jersey,8872,57
Saab,9-3 Sport Sedan,2007,40.4397,-74.29102,SAYREVILLE,New Jersey,8872,57
Saab,9-3 Sport Sedan,2007,40.432327,-74.295746,SAYREVILLE,New Jersey,8872,57
Saab,9-3 Sport Sedan,2007,40.459576,-74.31884,SAYREVILLE,New Jersey,8872,57
Saab,9-3 Sport Sedan,2007,40.44023,-74.30242,SAYREVILLE,New Jersey,8872,57
Saab,9-3 Sport Sedan,2007,40.47071,-74.32093,SAYREVILLE,New Jersey,8872,57
Saab,9-3 Sport Sedan,2007,40.41865,-74.3255,SAYREVILLE,New Jersey,8872,57
Saab,9-3 Sport Sedan,2007,40.436905,-74.30927,SAYREVILLE,New Jersey,8872,57
BMW,430i xDrive Gran Coupe,2017,27.940449,-82.235985,VALRICO,Florida,33594,58
BMW,430i xDrive Gran Coupe,2017,27.950335,-82.25739,VALRICO,Florida,33594,58
BMW,430i xDrive Gran Coupe,2017,27.971952,-82.245964,VALRICO,Florida,33594,58
BMW,650i xDrive Gran Coupe,2017,43.09325,-87.98989,MILWAUKEE,Wisconsin,53233,59
BMW,650i xDrive Gran Coupe,2017,43.09743,-87.948616,MILWAUKEE,Wisconsin,53233,59
Audi,R8,2014,29.559748,-81.1999,PALM COAST,Florida,32164,60
Audi,R8,2014,29.597864,-81.20345,PALM COAST,Florida,32164,60
Audi,R8,2014,29.579807,-81.18772,PALM COAST,Florida,32164,60
Audi,R8,2014,29.529102,-81.18678,PALM COAST,Florida,32164,60
Audi,R8,2014,29.605576,-81.17662,PALM COAST,Florida,32164,60
Audi,R8,2014,29.574312,-81.219185,PALM COAST,Florida,32164,60
Audi,Q5,2017,34.28998,-119.297104,VENTURA,California,93002,61
Audi,Q5,2017,34.292137,-119.30028,VENTURA,California,93002,61
Audi,Q5,2017,34.27277,-119.29354,VENTURA,California,93002,61
Audi,Q5,2017,34.289703,-119.30686,VENTURA,California,93002,61
Audi,Q5,2017,34.239708,-119.28743,VENTURA,California,93002,61
Toyota,Camry,2011,31.548283,-83.787994,POULAN,Georgia,31781,62
Toyota,Camry,2011,31.515923,-83.795395,POULAN,Georgia,31781,62
Toyota,Camry,2011,31.484219,-83.757256,POULAN,Georgia,31781,62
Toyota,Camry,2011,31.514574,-83.77793,POULAN,Georgia,31781,62
Isuzu,Stylus,1992,18.366932,-65.98546,TRUJILLO ALTO,Puerto Rico,977,63
Isuzu,Stylus,1992,18.323196,-65.97609,TRUJILLO ALTO,Puerto Rico,977,63
Isuzu,Stylus,1992,18.378546,-66.00087,TRUJILLO ALTO,Puerto Rico,977,63
Dodge,Ram 1500 Pickup 4WD,2007,43.002396,-85.67646,GRAND RAPIDS,Michigan,49516,64
Dodge,Ram 1500 Pickup 4WD,2007,42.979652,-85.68898,GRAND RAPIDS,Michigan,49516,64
Dodge,Ram 1500 Pickup 4WD,2007,42.965122,-85.688156,GRAND RAPIDS,Michigan,49516,64
Dodge,Ram 1500 Pickup 4WD,2007,42.961998,-85.65969,GRAND RAPIDS,Michigan,49516,64
Buick,Regal,2012,33.735027,-117.98738,WESTMINSTER,California,92685,65
Buick,Regal,2012,33.77043,-118.019356,WESTMINSTER,California,92685,65
Buick,Regal,2012,33.74774,-117.965744,WESTMINSTER,California,92685,65
Buick,Regal,2012,33.730686,-117.980255,WESTMINSTER,California,92685,65
Buick,Regal,2012,33.746655,-117.98887,WESTMINSTER,California,92685,65
Buick,Regal,2012,33.76015,-117.99334,WESTMINSTER,California,92685,65
Buick,Regal,2012,33.764072,-117.983734,WESTMINSTER,California,92685,65
Buick,Regal,2012,33.76964,-118.01628,WESTMINSTER,California,92685,65
Buick,Regal,2012,33.74079,-118.00554,WESTMINSTER,California,92685,65
Buick,Regal,2012,33.788795,-117.948654,WESTMINSTER,California,92685,65
GMC,Jimmy V1500 4WD,1989,37.42427,-90.18721,MARQUAND,Missouri,63655,66
GMC,Jimmy V1500 4WD,1989,37.39418,-90.14843,MARQUAND,Missouri,63655,66
GMC,Jimmy V1500 4WD,1989,37.433636,-90.17148,MARQUAND,Missouri,63655,66
GMC,Jimmy V1500 4WD,1989,37.4289,-90.171394,MARQUAND,Missouri,63655,66
GMC,Jimmy V1500 4WD,1989,37.413,-90.11734,MARQUAND,Missouri,63655,66
GMC,Jimmy V1500 4WD,1989,37.39625,-90.13509,MARQUAND,Missouri,63655,66
GMC,Jimmy V1500 4WD,1989,37.42132,-90.16954,MARQUAND,Missouri,63655,66
GMC,Jimmy V1500 4WD,1989,37.394566,-90.14179,MARQUAND,Missouri,63655,66
GMC,Jimmy V1500 4WD,1989,37.45701,-90.15501,MARQUAND,Missouri,63655,66
GMC,Jimmy V1500 4WD,1989,37.44729,-90.17995,MARQUAND,Missouri,63655,66
GMC,Jimmy V1500 4WD,1989,37.404835,-90.180595,MARQUAND,Missouri,63655,66
Cadillac,CTS,2003,39.98385,-105.24224,BOULDER,Colorado,80322,67
Cadillac,CTS,2003,40.02126,-105.28429,BOULDER,Colorado,80322,67
Cadillac,CTS,2003,39.992764,-105.26332,BOULDER,Colorado,80322,67
Cadillac,CTS,2003,40.00594,-105.273285,BOULDER,Colorado,80322,67
Cadillac,CTS,2003,40.05334,-105.28769,BOULDER,Colorado,80322,67
Cadillac,CTS,2003,40.016056,-105.290375,BOULDER,Colorado,80322,67
Cadillac,CTS,2003,40.00498,-105.27839,BOULDER,Colorado,80322,67
Cadillac,CTS,2003,40.023563,-105.24983,BOULDER,Colorado,80322,67
Toyota,Camry Hybrid XLE,2012,39.857292,-78.17872,NEEDMORE,Pennsylvania,17238,68
Toyota,Camry Hybrid XLE,2012,39.883423,-78.15731,NEEDMORE,Pennsylvania,17238,68
Toyota,Camry Hybrid XLE,2012,39.868984,-78.17341,NEEDMORE,Pennsylvania,17238,68
Toyota,Camry Hybrid XLE,2012,39.818817,-78.1803,NEEDMORE,Pennsylvania,17238,68
Toyota,Camry Hybrid XLE,2012,39.839542,-78.10522,NEEDMORE,Pennsylvania,17238,68
Toyota,Camry Hybrid XLE,2012,39.836735,-78.13069,NEEDMORE,Pennsylvania,17238,68
Toyota,Camry Hybrid XLE,2012,39.8907,-78.174576,NEEDMORE,Pennsylvania,17238,68
Toyota,Camry Hybrid XLE,2012,39.877655,-78.15211,NEEDMORE,Pennsylvania,17238,68
Toyota,Camry Hybrid XLE,2012,39.864147,-78.17714,NEEDMORE,Pennsylvania,17238,68
Toyota,Camry Hybrid XLE,2012,39.87043,-78.15114,NEEDMORE,Pennsylvania,17238,68
Toyota,Camry Hybrid XLE,2012,39.839108,-78.11309,NEEDMORE,Pennsylvania,17238,68
Subaru,XT,1988,39.263016,-80.32738,CLARKSBURG,West Virginia,26301,69
Subaru,XT,1988,39.23964,-80.35537,CLARKSBURG,West Virginia,26301,69
Subaru,XT,1988,39.263214,-80.34118,CLARKSBURG,West Virginia,26301,69
Subaru,XT,1988,39.24108,-80.30009,CLARKSBURG,West Virginia,26301,69
Subaru,XT,1988,39.253822,-80.3526,CLARKSBURG,West Virginia,26301,69
Subaru,XT,1988,39.279552,-80.294014,CLARKSBURG,West Virginia,26301,69
Subaru,XT,1988,39.3107,-80.30487,CLARKSBURG,West Virginia,26301,69
Subaru,XT,1988,39.31137,-80.35421,CLARKSBURG,West Virginia,26301,69
Wallace Environmental,Wetl 300 E,1991,38.35035,-81.64105,CHARLESTON,West Virginia,25313,70
Wallace Environmental,Wetl 300 E,1991,38.36531,-81.635826,CHARLESTON,West Virginia,25313,70
Wallace Environmental,Wetl 300 E,1991,38.35546,-81.60913,CHARLESTON,West Virginia,25313,70
Wallace Environmental,Wetl 300 E,1991,38.360847,-81.60813,CHARLESTON,West Virginia,25313,70
Wallace Environmental,Wetl 300 E,1991,38.327984,-81.64378,CHARLESTON,West Virginia,25313,70
Wallace Environmental,Wetl 300 E,1991,38.34168,-81.61849,CHARLESTON,West Virginia,25313,70
Wallace Environmental,Wetl 300 E,1991,38.313145,-81.63995,CHARLESTON,West Virginia,25313,70
Wallace Environmental,Wetl 300 E,1991,38.34719,-81.632195,CHARLESTON,West Virginia,25313,70
Wallace Environmental,Wetl 300 E,1991,38.316586,-81.629654,CHARLESTON,West Virginia,25313,70
Wallace Environmental,Wetl 300 E,1991,38.324986,-81.58488,CHARLESTON,West Virginia,25313,70
Land Rover,Range Rover,1995,33.81941,-88.55726,ABERDEEN,Mississippi,39730,71
Land Rover,Range Rover,1995,33.814495,-88.51832,ABERDEEN,Mississippi,39730,71
Land Rover,Range Rover,1995,33.786903,-88.56709,ABERDEEN,Mississippi,39730,71
Land Rover,Range Rover,1995,33.816875,-88.53296,ABERDEEN,Mississippi,39730,71
Land Rover,Range Rover,1995,33.79977,-88.579,ABERDEEN,Mississippi,39730,71
Land Rover,Range Rover,1995,33.80328,-88.558044,ABERDEEN,Mississippi,39730,71
Land Rover,Range Rover,1995,33.842556,-88.54261,ABERDEEN,Mississippi,39730,71
Land Rover,Range Rover,1995,33.83126,-88.5753,ABERDEEN,Mississippi,39730,71
Land Rover,Range Rover,1995,33.862625,-88.54594,ABERDEEN,Mississippi,39730,71
Land Rover,Range Rover,1995,33.814632,-88.55856,ABERDEEN,Mississippi,39730,71
Land Rover,Range Rover,1995,33.83635,-88.52998,ABERDEEN,Mississippi,39730,71
Chevrolet,S10 Cab Chassis 2WD,1986,40.256298,-82.37338,MARTINSBURG,Ohio,43037,72
Chevrolet,S10 Cab Chassis 2WD,1986,40.28856,-82.32865,MARTINSBURG,Ohio,43037,72
Chevrolet,S10 Cab Chassis 2WD,1986,40.277874,-82.316895,MARTINSBURG,Ohio,43037,72
Chevrolet,S10 Cab Chassis 2WD,1986,40.254074,-82.34179,MARTINSBURG,Ohio,43037,72
Chevrolet,S10 Cab Chassis 2WD,1986,40.24316,-82.37464,MARTINSBURG,Ohio,43037,72
Chevrolet,S10 Cab Chassis 2WD,1986,40.289093,-82.33414,MARTINSBURG,Ohio,43037,72
Chevrolet,S10 Cab Chassis 2WD,1986,40.292645,-82.355,MARTINSBURG,Ohio,43037,72
Chevrolet,S10 Cab Chassis 2WD,1986,40.22229,-82.36434,MARTINSBURG,Ohio,43037,72
Chevrolet,S10 Cab Chassis 2WD,1986,40.235085,-82.37804,MARTINSBURG,Ohio,43037,72
Chevrolet,S10 Cab Chassis 2WD,1986,40.22602,-82.325424,MARTINSBURG,Ohio,43037,72
Chevrolet,S10 Cab Chassis 2WD,1986,40.2203,-82.325645,MARTINSBURG,Ohio,43037,72
BMW,760Li,2014,45.735687,-118.80964,PENDLETON,Oregon,97801,73
BMW,760Li,2014,45.700516,-118.81335,PENDLETON,Oregon,97801,73
BMW,760Li,2014,45.715183,-118.790764,PENDLETON,Oregon,97801,73
BMW,760Li,2014,45.7179,-118.787964,PENDLETON,Oregon,97801,73
BMW,760Li,2014,45.74365,-118.834946,PENDLETON,Oregon,97801,73
BMW,760Li,2014,45.6973,-118.813736,PENDLETON,Oregon,97801,73
BMW,760Li,2014,45.73302,-118.7544,PENDLETON,Oregon,97801,73
BMW,760Li,2014,45.717068,-118.77675,PENDLETON,Oregon,97801,73
BMW,760Li,2014,45.714157,-118.779205,PENDLETON,Oregon,97801,73
BMW,760Li,2014,45.734634,-118.80524,PENDLETON,Oregon,97801,73
BMW,760Li,2014,45.752644,-118.8085,PENDLETON,Oregon,97801,73
Ford,Fusion FWD,2010,37.992218,-87.519424,EVANSVILLE,Indiana,47716,74
Ford,Fusion FWD,2010,37.957848,-87.52487,EVANSVILLE,Indiana,47716,74
Ford,Fusion FWD,2010,38.01697,-87.51657,EVANSVILLE,Indiana,47716,74
Ford,Fusion FWD,2010,37.983498,-87.55973,EVANSVILLE,Indiana,47716,74
Ford,Fusion FWD,2010,38.001827,-87.54196,EVANSVILLE,Indiana,47716,74
Ford,Fusion FWD,2010,37.955963,-87.505356,EVANSVILLE,Indiana,47716,74
Ford,Fusion FWD,2010,37.97387,-87.57119,EVANSVILLE,Indiana,47716,74
Mitsubishi,Nativa 2WD,1998,38.220093,-92.480515,TUSCUMBIA,Missouri,65082,75
Mitsubishi,Nativa 2WD,1998,38.203217,-92.45958,TUSCUMBIA,Missouri,65082,75
Mitsubishi,Nativa 2WD,1998,38.213615,-92.43049,TUSCUMBIA,Missouri,65082,75
Mitsubishi,Nativa 2WD,1998,38.21729,-92.41001,TUSCUMBIA,Missouri,65082,75
Porsche,911 Turbo,1992,36.512405,-101.80495,TEXHOMA,Oklahoma,73949,76
Porsche,911 Turbo,1992,36.475227,-101.75728,TEXHOMA,Oklahoma,73949,76
Porsche,911 Turbo,1992,36.537144,-101.792076,TEXHOMA,Oklahoma,73949,76
Porsche,911 Turbo,1992,36.52798,-101.75622,TEXHOMA,Oklahoma,73949,76
GMC,G15/25 Vandura 2WD,1991,45.663235,-93.17837,GRANDY,Minnesota,55029,77
GMC,G15/25 Vandura 2WD,1991,45.622204,-93.14595,GRANDY,Minnesota,55029,77
GMC,G15/25 Vandura 2WD,1991,45.633995,-93.17769,GRANDY,Minnesota,55029,77
GMC,G15/25 Vandura 2WD,1991,45.668976,-93.182144,GRANDY,Minnesota,55029,77
GMC,G15/25 Vandura 2WD,1991,45.67564,-93.16385,GRANDY,Minnesota,55029,77
GMC,G15/25 Vandura 2WD,1991,45.597824,-93.17767,GRANDY,Minnesota,55029,77
GMC,G15/25 Vandura 2WD,1991,45.604454,-93.15228,GRANDY,Minnesota,55029,77
Dodge,Shadow,1994,38.46512,-75.528625,DELMAR,Delaware,19940,78
Dodge,Shadow,1994,38.43714,-75.54466,DELMAR,Delaware,19940,78
Dodge,Shadow,1994,38.461433,-75.56796,DELMAR,Delaware,19940,78
Dodge,Shadow,1994,38.417683,-75.57277,DELMAR,Delaware,19940,78
Dodge,Shadow,1994,38.42738,-75.54214,DELMAR,Delaware,19940,78
Dodge,Shadow,1994,38.42941,-75.53379,DELMAR,Delaware,19940,78
Dodge,Shadow,1994,38.452255,-75.53419,DELMAR,Delaware,19940,78
Dodge,Shadow,1994,38.45922,-75.56421,DELMAR,Delaware,19940,78
Subaru,XT 4WD,1987,47.59053,-122.16135,BELLEVUE,Washington,98004,79
Subaru,XT 4WD,1987,47.582794,-122.19426,BELLEVUE,Washington,98004,79
Ferrari,550 Maranello,1999,38.885082,-77.041534,WASHINGTON,District of Columbia,20277,80
Ferrari,550 Maranello,1999,38.84979,-77.01047,WASHINGTON,District of Columbia,20277,80
Ferrari,550 Maranello,1999,38.847507,-77.019035,WASHINGTON,District of Columbia,20277,80
Ferrari,550 Maranello,1999,38.897003,-77.00955,WASHINGTON,District of Columbia,20277,80
Ferrari,550 Maranello,1999,38.88189,-76.99167,WASHINGTON,District of Columbia,20277,80
Ferrari,550 Maranello,1999,38.925877,-77.05043,WASHINGTON,District of Columbia,20277,80
Ferrari,550 Maranello,1999,38.883316,-77.01525,WASHINGTON,District of Columbia,20277,80
Ferrari,550 Maranello,1999,38.887177,-77.05449,WASHINGTON,District of Columbia,20277,80
Ferrari,550 Maranello,1999,38.89966,-77.012375,WASHINGTON,District of Columbia,20277,80
Ferrari,550 Maranello,1999,38.902992,-77.04969,WASHINGTON,District of Columbia,20277,80
Ferrari,550 Maranello,1999,38.88712,-77.01511,WASHINGTON,District of Columbia,20277,80
Rolls-Royce,Continental,1993,39.70496,-84.38136,NEW LEBANON,Ohio,45345,81
Rolls-Royce,Continental,1993,39.71149,-84.385414,NEW LEBANON,Ohio,45345,81
Rolls-Royce,Continental,1993,39.74085,-84.41737,NEW LEBANON,Ohio,45345,81
Rolls-Royce,Continental,1993,39.73272,-84.422195,NEW LEBANON,Ohio,45345,81
Rolls-Royce,Continental,1993,39.75031,-84.3986,NEW LEBANON,Ohio,45345,81
Rolls-Royce,Continental,1993,39.76286,-84.44506,NEW LEBANON,Ohio,45345,81
Isuzu,i-350 Crew Cab 4WD,2006,44.67514,-67.73888,COLUMBIA FALLS,Maine,4623,82
Isuzu,i-350 Crew Cab 4WD,2006,44.636524,-67.72457,COLUMBIA FALLS,Maine,4623,82
Isuzu,i-350 Crew Cab 4WD,2006,44.672497,-67.72616,COLUMBIA FALLS,Maine,4623,82
Isuzu,i-350 Crew Cab 4WD,2006,44.662304,-67.709854,COLUMBIA FALLS,Maine,4623,82
Isuzu,i-350 Crew Cab 4WD,2006,44.671337,-67.69545,COLUMBIA FALLS,Maine,4623,82
Ford,Tempo,1990,46.419384,-106.362404,ROSEBUD,Montana,59347,83
Ford,Tempo,1990,46.464573,-106.38349,ROSEBUD,Montana,59347,83
Ford,Tempo,1990,46.482235,-106.38483,ROSEBUD,Montana,59347,83
Ford,Tempo,1990,46.42098,-106.361626,ROSEBUD,Montana,59347,83
Ford,Tempo,1990,46.490654,-106.375175,ROSEBUD,Montana,59347,83
Toyota,Prius Plug-in Hybrid,2012,40.986904,-78.96045,DE LANCEY,Pennsylvania,15733,84
Toyota,Prius Plug-in Hybrid,2012,41.015484,-79.00846,DE LANCEY,Pennsylvania,15733,84
Toyota,Prius Plug-in Hybrid,2012,40.98317,-78.94212,DE LANCEY,Pennsylvania,15733,84
Toyota,Prius Plug-in Hybrid,2012,40.95861,-78.99976,DE LANCEY,Pennsylvania,15733,84
Toyota,Prius Plug-in Hybrid,2012,41.0081,-78.959885,DE LANCEY,Pennsylvania,15733,84
Toyota,Prius Plug-in Hybrid,2012,40.967968,-78.97212,DE LANCEY,Pennsylvania,15733,84
Toyota,Prius Plug-in Hybrid,2012,41.006367,-78.982346,DE LANCEY,Pennsylvania,15733,84
Toyota,Prius Plug-in Hybrid,2012,41.028427,-78.965515,DE LANCEY,Pennsylvania,15733,84
Toyota,Prius Plug-in Hybrid,2012,40.98255,-78.96065,DE LANCEY,Pennsylvania,15733,84
Toyota,Prius Plug-in Hybrid,2012,41.016644,-78.943695,DE LANCEY,Pennsylvania,15733,84
Oldsmobile,Silhouette 2WD,2000,32.209534,-97.23954,COVINGTON,Texas,76636,85
Oldsmobile,Silhouette 2WD,2000,32.152447,-97.23507,COVINGTON,Texas,76636,85
Oldsmobile,Silhouette 2WD,2000,32.166725,-97.25996,COVINGTON,Texas,76636,85
Oldsmobile,Silhouette 2WD,2000,32.199497,-97.244774,COVINGTON,Texas,76636,85
Oldsmobile,Silhouette 2WD,2000,32.18448,-97.2113,COVINGTON,Texas,76636,85
Oldsmobile,Silhouette 2WD,2000,32.178482,-97.26789,COVINGTON,Texas,76636,85
Oldsmobile,Silhouette 2WD,2000,32.17337,-97.25826,COVINGTON,Texas,76636,85
Oldsmobile,Silhouette 2WD,2000,32.183273,-97.23432,COVINGTON,Texas,76636,85
Oldsmobile,Silhouette 2WD,2000,32.155945,-97.274734,COVINGTON,Texas,76636,85
Mercury,Cougar,1999,39.11009,-79.11042,LAHMANSVILLE,West Virginia,26731,86
Mercury,Cougar,1999,39.14586,-79.05054,LAHMANSVILLE,West Virginia,26731,86
Mercury,Cougar,1999,39.132553,-79.074394,LAHMANSVILLE,West Virginia,26731,86
Mercury,Cougar,1999,39.15858,-79.0938,LAHMANSVILLE,West Virginia,26731,86
Mercury,Cougar,1999,39.146515,-79.061195,LAHMANSVILLE,West Virginia,26731,86
Mercury,Cougar,1999,39.120197,-79.10317,LAHMANSVILLE,West Virginia,26731,86
Mercury,Cougar,1999,39.11441,-79.05225,LAHMANSVILLE,West Virginia,26731,86
Mercury,Cougar,1999,39.077785,-79.081345,LAHMANSVILLE,West Virginia,26731,86
Mercury,Cougar,1999,39.100975,-79.11261,LAHMANSVILLE,West Virginia,26731,86
Chrysler,New Yorker,1990,40.50856,-78.63067,LORETTO,Pennsylvania,15940,87
Chrysler,New Yorker,1990,40.517815,-78.61168,LORETTO,Pennsylvania,15940,87
Chrysler,New Yorker,1990,40.523315,-78.65408,LORETTO,Pennsylvania,15940,87
Buick,Century,1998,38.907368,-85.021736,EAST ENTERPRISE,Indiana,47019,88
Buick,Century,1998,38.845398,-84.99091,EAST ENTERPRISE,Indiana,47019,88
Buick,Century,1998,38.84532,-85.03451,EAST ENTERPRISE,Indiana,47019,88
Buick,Century,1998,38.8899,-85.041565,EAST ENTERPRISE,Indiana,47019,88
Buick,Century,1998,38.863525,-85.029594,EAST ENTERPRISE,Indiana,47019,88
Hyundai,Elantra Wagon,2000,43.790443,-86.386604,PENTWATER,Michigan,49449,89
Hyundai,Elantra Wagon,2000,43.75254,-86.47052,PENTWATER,Michigan,49449,89
Hyundai,Elantra Wagon,2000,43.821842,-86.402626,PENTWATER,Michigan,49449,89
Hyundai,Elantra Wagon,2000,43.81266,-86.436485,PENTWATER,Michigan,49449,89
Hyundai,Elantra Wagon,2000,43.79035,-86.4528,PENTWATER,Michigan,49449,89
Hyundai,Elantra Wagon,2000,43.77683,-86.42368,PENTWATER,Michigan,49449,89
Hyundai,Elantra Wagon,2000,43.75252,-86.45875,PENTWATER,Michigan,49449,89
Hyundai,Elantra Wagon,2000,43.790966,-86.40906,PENTWATER,Michigan,49449,89
Hyundai,Elantra Wagon,2000,43.766617,-86.441086,PENTWATER,Michigan,49449,89
Hyundai,Elantra Wagon,2000,43.80093,-86.44717,PENTWATER,Michigan,49449,89
Hyundai,Elantra Wagon,2000,43.75877,-86.4322,PENTWATER,Michigan,49449,89
Geo,Prizm,1993,45.334545,-84.95491,PETOSKEY,Michigan,49770,90
Geo,Prizm,1993,45.384693,-84.96994,PETOSKEY,Michigan,49770,90
Geo,Prizm,1993,45.34824,-84.961266,PETOSKEY,Michigan,49770,90
Geo,Prizm,1993,45.392212,-84.981544,PETOSKEY,Michigan,49770,90
Geo,Prizm,1993,45.360153,-84.96976,PETOSKEY,Michigan,49770,90
Geo,Prizm,1993,45.327072,-84.94248,PETOSKEY,Michigan,49770,90
Geo,Prizm,1993,45.356075,-84.97965,PETOSKEY,Michigan,49770,90
Geo,Prizm,1993,45.39171,-84.949875,PETOSKEY,Michigan,49770,90
Geo,Prizm,1993,45.36087,-84.96039,PETOSKEY,Michigan,49770,90
Dodge,Stratus 4 Door,2006,36.960007,-82.87532,LYNCH,Kentucky,40855,91
Dodge,Stratus 4 Door,2006,36.94872,-82.908165,LYNCH,Kentucky,40855,91
Dodge,Stratus 4 Door,2006,36.95858,-82.87762,LYNCH,Kentucky,40855,91
Dodge,Stratus 4 Door,2006,36.962166,-82.912636,LYNCH,Kentucky,40855,91
Dodge,Stratus 4 Door,2006,36.95854,-82.94327,LYNCH,Kentucky,40855,91
Dodge,Stratus 4 Door,2006,36.980465,-82.91814,LYNCH,Kentucky,40855,91
Dodge,Stratus 4 Door,2006,36.928604,-82.94017,LYNCH,Kentucky,40855,91
Dodge,Stratus 4 Door,2006,36.93658,-82.87335,LYNCH,Kentucky,40855,91
Dodge,Stratus 4 Door,2006,36.941902,-82.919464,LYNCH,Kentucky,40855,91
Dodge,Stratus 4 Door,2006,36.993553,-82.91156,LYNCH,Kentucky,40855,91
Dodge,Stratus 4 Door,2006,36.954697,-82.94022,LYNCH,Kentucky,40855,91
Chevrolet,Blazer 2WD,2002,41.58325,-93.605095,DES MOINES,Iowa,50393,92
Chevrolet,Blazer 2WD,2002,41.555767,-93.588005,DES MOINES,Iowa,50393,92
Chevrolet,Blazer 2WD,2002,41.569107,-93.612526,DES MOINES,Iowa,50393,92
Chevrolet,Blazer 2WD,2002,41.574127,-93.57851,DES MOINES,Iowa,50393,92
Chevrolet,Blazer 2WD,2002,41.58587,-93.57405,DES MOINES,Iowa,50393,92
Chevrolet,Blazer 2WD,2002,41.56553,-93.590256,DES MOINES,Iowa,50393,92
Chevrolet,Blazer 2WD,2002,41.586727,-93.62832,DES MOINES,Iowa,50393,92
Chevrolet,Blazer 2WD,2002,41.555214,-93.60992,DES MOINES,Iowa,50393,92
Chevrolet,Blazer 2WD,2002,41.55306,-93.627945,DES MOINES,Iowa,50393,92
Chevrolet,Blazer 2WD,2002,41.554714,-93.63428,DES MOINES,Iowa,50393,92
Chevrolet,Blazer 2WD,2002,41.585308,-93.65386,DES MOINES,Iowa,50393,92
GMC,Sierra K15 AWD,2009,48.92058,-104.524284,RAYMOND,Montana,59256,93
GMC,Sierra K15 AWD,2009,48.888824,-104.52158,RAYMOND,Montana,59256,93
GMC,Sierra K15 AWD,2009,48.92689,-104.51444,RAYMOND,Montana,59256,93
GMC,Sierra K15 AWD,2009,48.86042,-104.54696,RAYMOND,Montana,59256,93
GMC,Sierra K15 AWD,2009,48.882523,-104.5246,RAYMOND,Montana,59256,93
Toyota,1-Ton Truck 2WD,1988,38.012302,-122.544334,SAN ANSELMO,California,94979,94
Toyota,1-Ton Truck 2WD,1988,37.96196,-122.53625,SAN ANSELMO,California,94979,94
Toyota,1-Ton Truck 2WD,1988,37.984863,-122.55328,SAN ANSELMO,California,94979,94
Toyota,1-Ton Truck 2WD,1988,38.01517,-122.54413,SAN ANSELMO,California,94979,94
Toyota,1-Ton Truck 2WD,1988,37.987152,-122.536575,SAN ANSELMO,California,94979,94
Toyota,1-Ton Truck 2WD,1988,37.990654,-122.54315,SAN ANSELMO,California,94979,94
Toyota,1-Ton Truck 2WD,1988,38.012547,-122.593796,SAN ANSELMO,California,94979,94
Dodge,Dakota Pickup 4WD FFV,2010,44.369377,-100.31864,PIERRE,South Dakota,57501,95
Dodge,Dakota Pickup 4WD FFV,2010,44.355885,-100.29075,PIERRE,South Dakota,57501,95
Dodge,Dakota Pickup 4WD FFV,2010,44.336018,-100.297134,PIERRE,South Dakota,57501,95
Dodge,Dakota Pickup 4WD FFV,2010,44.3868,-100.33128,PIERRE,South Dakota,57501,95
Dodge,Dakota Pickup 4WD FFV,2010,44.373333,-100.31103,PIERRE,South Dakota,57501,95
Dodge,Dakota Pickup 4WD FFV,2010,44.332237,-100.28048,PIERRE,South Dakota,57501,95
Dodge,Dakota Pickup 4WD FFV,2010,44.34773,-100.32976,PIERRE,South Dakota,57501,95
Dodge,Dakota Pickup 4WD FFV,2010,44.343903,-100.28568,PIERRE,South Dakota,57501,95
Dodge,Dakota Pickup 4WD FFV,2010,44.330383,-100.35377,PIERRE,South Dakota,57501,95
Dodge,Dakota Pickup 4WD FFV,2010,44.344337,-100.30876,PIERRE,South Dakota,57501,95
Chevrolet,Cavalier Convertible,1986,34.777752,-95.756195,BLANCO,Oklahoma,74528,96
Chevrolet,Cavalier Convertible,1986,34.709396,-95.77089,BLANCO,Oklahoma,74528,96
Chevrolet,Cavalier Convertible,1986,34.763554,-95.79013,BLANCO,Oklahoma,74528,96
Chevrolet,Cavalier Convertible,1986,34.74203,-95.80737,BLANCO,Oklahoma,74528,96
Chevrolet,Cavalier Convertible,1986,34.718174,-95.79056,BLANCO,Oklahoma,74528,96
Ford,E150 Econoline 2WD,1984,42.781944,-96.07144,OYENS,Iowa,51045,97
Ford,E150 Econoline 2WD,1984,42.773354,-96.03987,OYENS,Iowa,51045,97
Ford,E150 Econoline 2WD,1984,42.78641,-96.05661,OYENS,Iowa,51045,97
Ford,E150 Econoline 2WD,1984,42.84837,-96.05282,OYENS,Iowa,51045,97
Ford,E150 Econoline 2WD,1984,42.83204,-96.02902,OYENS,Iowa,51045,97
Ford,E150 Econoline 2WD,1984,42.774586,-96.06257,OYENS,Iowa,51045,97
Ford,E150 Econoline 2WD,1984,42.839226,-96.02507,OYENS,Iowa,51045,97
Ford,E150 Econoline 2WD,1984,42.835716,-96.07596,OYENS,Iowa,51045,97
Ford,E150 Econoline 2WD,1984,42.850574,-96.02353,OYENS,Iowa,51045,97
Chevrolet,Traverse AWD,2013,37.96472,-122.35492,SAN PABLO,California,94806,98
Chevrolet,Traverse AWD,2013,37.996815,-122.34588,SAN PABLO,California,94806,98
Chevrolet,Traverse AWD,2013,37.979523,-122.29894,SAN PABLO,California,94806,98
Chevrolet,Traverse AWD,2013,37.982098,-122.350204,SAN PABLO,California,94806,98
Chevrolet,Traverse AWD,2013,37.980846,-122.34427,SAN PABLO,California,94806,98
Chevrolet,Traverse AWD,2013,37.944096,-122.35692,SAN PABLO,California,94806,98
Chevrolet,Traverse AWD,2013,37.98221,-122.29271,SAN PABLO,California,94806,98
Nissan,Sentra,1990,35.878723,-76.22049,COLUMBIA,North Carolina,27925,99
Nissan,Sentra,1990,35.89021,-76.28158,COLUMBIA,North Carolina,27925,99
Nissan,Sentra,1990,35.921513,-76.2738,COLUMBIA,North Carolina,27925,99
Nissan,Sentra,1990,35.94821,-76.22504,COLUMBIA,North Carolina,27925,99
Nissan,Sentra,1990,35.941563,-76.20905,COLUMBIA,North Carolina,27925,99
Nissan,300ZX,1987,34.49511,-110.47546,HEBER,Arizona,85928,100
Nissan,300ZX,1987,34.524876,-110.47443,HEBER,Arizona,85928,100
Nissan,300ZX,1987,34.513374,-110.42596,HEBER,Arizona,85928,100
Nissan,300ZX,1987,34.5562,-110.42824,HEBER,Arizona,85928,100
Nissan,300ZX,1987,34.55014,-110.39607,HEBER,Arizona,85928,100
Chevrolet,S10 Pickup 4WD,1993,39.102764,-86.49296,BLOOMINGTON,Indiana,47490,101
Chevrolet,S10 Pickup 4WD,1993,39.067245,-86.46734,BLOOMINGTON,Indiana,47490,101
Dodge,W100/W150 Pickup 4WD,1991,36.23007,-89.188255,OBION,Tennessee,38240,102
Dodge,W100/W150 Pickup 4WD,1991,36.258423,-89.20183,OBION,Tennessee,38240,102
Dodge,W100/W150 Pickup 4WD,1991,36.23143,-89.18149,OBION,Tennessee,38240,102
Dodge,W100/W150 Pickup 4WD,1991,36.24645,-89.17255,OBION,Tennessee,38240,102
Dodge,W100/W150 Pickup 4WD,1991,36.234123,-89.14712,OBION,Tennessee,38240,102
Dodge,W100/W150 Pickup 4WD,1991,36.24268,-89.16939,OBION,Tennessee,38240,102
Dodge,W100/W150 Pickup 4WD,1991,36.295265,-89.158165,OBION,Tennessee,38240,102
Pontiac,Sunbird Convertible,1987,42.179646,-87.96809,BUFFALO GROVE,Illinois,60089,103
Pontiac,Sunbird Convertible,1987,42.18613,-87.99003,BUFFALO GROVE,Illinois,60089,103
Pontiac,Sunbird Convertible,1987,42.1795,-87.94714,BUFFALO GROVE,Illinois,60089,103
Pontiac,Sunbird Convertible,1987,42.193153,-87.933174,BUFFALO GROVE,Illinois,60089,103
Audi,A4 quattro,2014,39.851273,-82.894295,GROVEPORT,Ohio,43196,104
Audi,A4 quattro,2014,39.846996,-82.92288,GROVEPORT,Ohio,43196,104
Audi,A4 quattro,2014,39.86067,-82.877174,GROVEPORT,Ohio,43196,104
Audi,A4 quattro,2014,39.874893,-82.88443,GROVEPORT,Ohio,43196,104
Audi,A4 quattro,2014,39.85258,-82.88669,GROVEPORT,Ohio,43196,104
Audi,A4 quattro,2014,39.84583,-82.87911,GROVEPORT,Ohio,43196,104
Audi,A4 quattro,2014,39.84612,-82.87145,GROVEPORT,Ohio,43196,104
Audi,A4 quattro,2014,39.85891,-82.91779,GROVEPORT,Ohio,43196,104
Audi,A4 quattro,2014,39.880962,-82.920616,GROVEPORT,Ohio,43196,104
Audi,A4 quattro,2014,39.85048,-82.86886,GROVEPORT,Ohio,43196,104
Ford,Escort Wagon,1986,47.11083,-122.89447,OLYMPIA,Washington,98506,105
Ford,Escort Wagon,1986,47.082687,-122.8232,OLYMPIA,Washington,98506,105
Ford,Escort Wagon,1986,47.08924,-122.825966,OLYMPIA,Washington,98506,105
Ford,Escort Wagon,1986,47.099884,-122.889114,OLYMPIA,Washington,98506,105
Ford,Escort Wagon,1986,47.0957,-122.82139,OLYMPIA,Washington,98506,105
Ford,Escort Wagon,1986,47.103104,-122.86544,OLYMPIA,Washington,98506,105
Ford,Escort Wagon,1986,47.099472,-122.87337,OLYMPIA,Washington,98506,105
Ford,Escort Wagon,1986,47.059425,-122.879196,OLYMPIA,Washington,98506,105
Audi,RS 7,2014,39.05799,-101.21122,WINONA,Kansas,67764,106
Audi,RS 7,2014,39.062786,-101.22479,WINONA,Kansas,67764,106
Audi,RS 7,2014,39.068523,-101.230034,WINONA,Kansas,67764,106
Honda,Accord,2017,36.1395,-100.018074,HIGGINS,Texas,79046,107
Honda,Accord,2017,36.08958,-100.042465,HIGGINS,Texas,79046,107
Honda,Accord,2017,36.133087,-100.01283,HIGGINS,Texas,79046,107
Honda,Accord,2017,36.117714,-99.99434,HIGGINS,Texas,79046,107
Honda,Accord,2017,36.129963,-100.03523,HIGGINS,Texas,79046,107
Honda,Accord,2017,36.113834,-100.00084,HIGGINS,Texas,79046,107
Honda,Accord,2017,36.085655,-100.05453,HIGGINS,Texas,79046,107
Honda,Accord,2017,36.117413,-99.98847,HIGGINS,Texas,79046,107
Ford,Fusion FWD,2015,43.164337,-73.88641,PORTER CORNERS,New York,12859,108
Ford,Fusion FWD,2015,43.1126,-73.87409,PORTER CORNERS,New York,12859,108
Ford,Fusion FWD,2015,43.1072,-73.86482,PORTER CORNERS,New York,12859,108
Ford,Fusion FWD,2015,43.16139,-73.863495,PORTER CORNERS,New York,12859,108
Ford,Fusion FWD,2015,43.115982,-73.86895,PORTER CORNERS,New York,12859,108
Ford,Fusion FWD,2015,43.11134,-73.91471,PORTER CORNERS,New York,12859,108
Ford,Fusion FWD,2015,43.142796,-73.83993,PORTER CORNERS,New York,12859,108
Ford,Fusion FWD,2015,43.115345,-73.90663,PORTER CORNERS,New York,12859,108
Ford,Fusion FWD,2015,43.09854,-73.90149,PORTER CORNERS,New York,12859,108
Ford,Fusion FWD,2015,43.10683,-73.91425,PORTER CORNERS,New York,12859,108
Dodge,Dakota Pickup 4WD,2003,28.109934,-82.74052,CRYSTAL BEACH,Florida,34681,109
Dodge,Dakota Pickup 4WD,2003,28.087141,-82.758286,CRYSTAL BEACH,Florida,34681,109
Dodge,Dakota Pickup 4WD,2003,28.107248,-82.75223,CRYSTAL BEACH,Florida,34681,109
Dodge,Dakota Pickup 4WD,2003,28.051636,-82.74964,CRYSTAL BEACH,Florida,34681,109
Dodge,Dakota Pickup 4WD,2003,28.088501,-82.75534,CRYSTAL BEACH,Florida,34681,109
Dodge,Dakota Pickup 4WD,2003,28.107906,-82.723305,CRYSTAL BEACH,Florida,34681,109
Dodge,Dakota Pickup 4WD,2003,28.062817,-82.7457,CRYSTAL BEACH,Florida,34681,109
Toyota,4Runner 2WD,1999,43.44823,-121.659004,CRESCENT,Oregon,97733,110
Toyota,4Runner 2WD,1999,43.45181,-121.65114,CRESCENT,Oregon,97733,110
Toyota,4Runner 2WD,1999,43.393314,-121.689606,CRESCENT,Oregon,97733,110
Toyota,4Runner 2WD,1999,43.382812,-121.66214,CRESCENT,Oregon,97733,110
Toyota,4Runner 2WD,1999,43.408848,-121.68235,CRESCENT,Oregon,97733,110
Toyota,4Runner 2WD,1999,43.411076,-121.68038,CRESCENT,Oregon,97733,110
Toyota,4Runner 2WD,1999,43.441696,-121.66814,CRESCENT,Oregon,97733,110
Mercedes-Benz,C350 4matic Coupe,2012,31.360834,-95.09496,RATCLIFF,Texas,75858,111
Mercedes-Benz,C350 4matic Coupe,2012,31.357985,-95.08886,RATCLIFF,Texas,75858,111
Mercedes-Benz,C350 4matic Coupe,2012,31.362347,-95.09745,RATCLIFF,Texas,75858,111
Mercedes-Benz,C350 4matic Coupe,2012,31.411085,-95.08958,RATCLIFF,Texas,75858,111
Mercedes-Benz,C350 4matic Coupe,2012,31.354189,-95.09315,RATCLIFF,Texas,75858,111
Mercedes-Benz,C350 4matic Coupe,2012,31.40637,-95.077934,RATCLIFF,Texas,75858,111
Mercedes-Benz,C350 4matic Coupe,2012,31.395388,-95.13122,RATCLIFF,Texas,75858,111
Mercedes-Benz,C350 4matic Coupe,2012,31.38027,-95.11793,RATCLIFF,Texas,75858,111
Mercedes-Benz,C350 4matic Coupe,2012,31.38736,-95.08924,RATCLIFF,Texas,75858,111
Mercedes-Benz,C350 4matic Coupe,2012,31.344133,-95.12421,RATCLIFF,Texas,75858,111
Mercedes-Benz,C350 4matic Coupe,2012,31.354311,-95.13134,RATCLIFF,Texas,75858,111
Audi,S4 Cabriolet,2008,38.83962,-77.0767,ARLINGTON,Virginia,22202,112
Audi,S4 Cabriolet,2008,38.852604,-77.1424,ARLINGTON,Virginia,22202,112
Audi,S4 Cabriolet,2008,38.90901,-77.07755,ARLINGTON,Virginia,22202,112
Audi,S4 Cabriolet,2008,38.85627,-77.07299,ARLINGTON,Virginia,22202,112
Audi,S4 Cabriolet,2008,38.878662,-77.0884,ARLINGTON,Virginia,22202,112
Audi,S4 Cabriolet,2008,38.873817,-77.115295,ARLINGTON,Virginia,22202,112
Audi,S4 Cabriolet,2008,38.886814,-77.08724,ARLINGTON,Virginia,22202,112
Audi,S4 Cabriolet,2008,38.90061,-77.062515,ARLINGTON,Virginia,22202,112
Audi,S4 Cabriolet,2008,38.870872,-77.103546,ARLINGTON,Virginia,22202,112
BMW,535i,1990,32.7993,-83.65574,MACON,Georgia,31213,113
BMW,535i,1990,32.853096,-83.67852,MACON,Georgia,31213,113
BMW,535i,1990,32.811817,-83.638885,MACON,Georgia,31213,113
BMW,535i,1990,32.829365,-83.66874,MACON,Georgia,31213,113
BMW,535i,1990,32.823982,-83.69183,MACON,Georgia,31213,113
Chevrolet,Silverado 15 Hybrid 4WD,2013,42.134083,-77.05902,PAINTED POST,New York,14870,114
Chevrolet,Silverado 15 Hybrid 4WD,2013,42.151653,-77.108536,PAINTED POST,New York,14870,114
Fiat,500 Abarth,2018,40.67136,-76.65015,SPRING GLEN,Pennsylvania,17978,115
Fiat,500 Abarth,2018,40.644493,-76.63936,SPRING GLEN,Pennsylvania,17978,115
Fiat,500 Abarth,2018,40.603725,-76.60439,SPRING GLEN,Pennsylvania,17978,115
Fiat,500 Abarth,2018,40.625103,-76.633255,SPRING GLEN,Pennsylvania,17978,115
Fiat,500 Abarth,2018,40.64987,-76.65093,SPRING GLEN,Pennsylvania,17978,115
Fiat,500 Abarth,2018,40.609062,-76.63338,SPRING GLEN,Pennsylvania,17978,115
Fiat,500 Abarth,2018,40.661293,-76.64657,SPRING GLEN,Pennsylvania,17978,115
Mercedes-Benz,AMG S65,2016,41.710167,-92.86654,KELLOGG,Iowa,50135,116
Mercedes-Benz,AMG S65,2016,41.725895,-92.87688,KELLOGG,Iowa,50135,116
Mercedes-Benz,AMG S65,2016,41.69868,-92.90538,KELLOGG,Iowa,50135,116
Mercedes-Benz,AMG S65,2016,41.68813,-92.863434,KELLOGG,Iowa,50135,116
Mercedes-Benz,AMG S65,2016,41.73284,-92.89153,KELLOGG,Iowa,50135,116
Mercedes-Benz,AMG S65,2016,41.689472,-92.87996,KELLOGG,Iowa,50135,116
Honda,Odyssey,2006,39.061028,-106.25815,GRANITE,Colorado,81228,117
Honda,Odyssey,2006,39.039,-106.28796,GRANITE,Colorado,81228,117
Honda,Odyssey,2006,39.058624,-106.31544,GRANITE,Colorado,81228,117
Honda,Odyssey,2006,39.03931,-106.2595,GRANITE,Colorado,81228,117
Honda,Odyssey,2006,39.05076,-106.24944,GRANITE,Colorado,81228,117
Honda,Odyssey,2006,39.041203,-106.28058,GRANITE,Colorado,81228,117
Honda,Odyssey,2006,39.060734,-106.24047,GRANITE,Colorado,81228,117
Honda,Odyssey,2006,39.01708,-106.24699,GRANITE,Colorado,81228,117
Honda,Odyssey,2006,39.08648,-106.271416,GRANITE,Colorado,81228,117
Honda,Odyssey,2006,39.09326,-106.258965,GRANITE,Colorado,81228,117
Honda,Odyssey,2006,39.04228,-106.24779,GRANITE,Colorado,81228,117
Scion,xA,2004,36.24289,-93.07254,HARRISON,Arkansas,72602,118
Scion,xA,2004,36.23297,-93.15216,HARRISON,Arkansas,72602,118
Scion,xA,2004,36.25321,-93.13678,HARRISON,Arkansas,72602,118
Scion,xA,2004,36.25362,-93.11908,HARRISON,Arkansas,72602,118
Scion,xA,2004,36.25403,-93.15007,HARRISON,Arkansas,72602,118
Scion,xA,2004,36.239746,-93.08453,HARRISON,Arkansas,72602,118
Chrysler,Conquest,1989,36.799923,-90.103134,DUDLEY,Missouri,63936,119
Chrysler,Conquest,1989,36.773098,-90.09923,DUDLEY,Missouri,63936,119
Chrysler,Conquest,1989,36.780434,-90.11156,DUDLEY,Missouri,63936,119
Chevrolet,Corsica,1987,26.178265,-97.64876,HARLINGEN,Texas,78550,120
Chevrolet,Corsica,1987,26.196766,-97.694695,HARLINGEN,Texas,78550,120
Chevrolet,Corsica,1987,26.191479,-97.69987,HARLINGEN,Texas,78550,120
Chevrolet,Corsica,1987,26.211973,-97.68175,HARLINGEN,Texas,78550,120
Chevrolet,Corsica,1987,26.176197,-97.686584,HARLINGEN,Texas,78550,120
Chevrolet,Corsica,1987,26.16233,-97.687386,HARLINGEN,Texas,78550,120
Hyundai,Santa Fe 2WD,2008,43.304924,-95.6477,MELVIN,Iowa,51350,121
Hyundai,Santa Fe 2WD,2008,43.2749,-95.58751,MELVIN,Iowa,51350,121
Hyundai,Santa Fe 2WD,2008,43.245686,-95.60806,MELVIN,Iowa,51350,121
Porsche,Boxster S,2017,41.48141,-81.64341,CLEVELAND,Ohio,44124,122
Porsche,Boxster S,2017,41.478584,-81.6644,CLEVELAND,Ohio,44124,122
Porsche,Boxster S,2017,41.4655,-81.69129,CLEVELAND,Ohio,44124,122
Porsche,Boxster S,2017,41.45237,-81.69551,CLEVELAND,Ohio,44124,122
Porsche,Boxster S,2017,41.428196,-81.64735,CLEVELAND,Ohio,44124,122
Porsche,Boxster S,2017,41.473427,-81.66542,CLEVELAND,Ohio,44124,122
Porsche,Boxster S,2017,41.480484,-81.6997,CLEVELAND,Ohio,44124,122
Porsche,Boxster S,2017,41.494934,-81.65015,CLEVELAND,Ohio,44124,122
Chevrolet,Suburban 1500 4WD,1993,44.897064,-93.14554,SAINT PAUL,Minnesota,55104,123
Chevrolet,Suburban 1500 4WD,1993,44.914165,-93.097466,SAINT PAUL,Minnesota,55104,123
Chevrolet,Suburban 1500 4WD,1993,44.931904,-93.114136,SAINT PAUL,Minnesota,55104,123
Chevrolet,Suburban 1500 4WD,1993,44.961136,-93.10175,SAINT PAUL,Minnesota,55104,123
Chevrolet,Suburban 1500 4WD,1993,44.913692,-93.13231,SAINT PAUL,Minnesota,55104,123
Chevrolet,Suburban 1500 4WD,1993,44.936226,-93.103424,SAINT PAUL,Minnesota,55104,123
Chevrolet,Suburban 1500 4WD,1993,44.89767,-93.09454,SAINT PAUL,Minnesota,55104,123
Chevrolet,Suburban 1500 4WD,1993,44.95379,-93.123825,SAINT PAUL,Minnesota,55104,123
Chevrolet,Metro,2000,39.115376,-85.20728,PIERCEVILLE,Indiana,47039,124
Chevrolet,Metro,2000,39.13054,-85.22769,PIERCEVILLE,Indiana,47039,124
Chevrolet,Metro,2000,39.091545,-85.18548,PIERCEVILLE,Indiana,47039,124
Chevrolet,Metro,2000,39.115852,-85.17898,PIERCEVILLE,Indiana,47039,124
Chevrolet,Metro,2000,39.08141,-85.18197,PIERCEVILLE,Indiana,47039,124
Chevrolet,Metro,2000,39.133232,-85.17209,PIERCEVILLE,Indiana,47039,124
Chevrolet,Metro,2000,39.07136,-85.186874,PIERCEVILLE,Indiana,47039,124
Chevrolet,Metro,2000,39.145027,-85.22769,PIERCEVILLE,Indiana,47039,124
Chevrolet,Metro,2000,39.132706,-85.21222,PIERCEVILLE,Indiana,47039,124
Chevrolet,Metro,2000,39.086678,-85.22222,PIERCEVILLE,Indiana,47039,124
Roush Performance,Stage 3 F150 Super Crew 4WD,2008,36.850826,-83.366936,DAYHOIT,Kentucky,40824,125
Roush Performance,Stage 3 F150 Super Crew 4WD,2008,36.844643,-83.40623,DAYHOIT,Kentucky,40824,125
Roush Performance,Stage 3 F150 Super Crew 4WD,2008,36.838615,-83.39608,DAYHOIT,Kentucky,40824,125
Roush Performance,Stage 3 F150 Super Crew 4WD,2008,36.872593,-83.41676,DAYHOIT,Kentucky,40824,125
Roush Performance,Stage 3 F150 Super Crew 4WD,2008,36.854145,-83.38624,DAYHOIT,Kentucky,40824,125
Roush Performance,Stage 3 F150 Super Crew 4WD,2008,36.82699,-83.3573,DAYHOIT,Kentucky,40824,125
Roush Performance,Stage 3 F150 Super Crew 4WD,2008,36.896564,-83.41991,DAYHOIT,Kentucky,40824,125
Roush Performance,Stage 3 F150 Super Crew 4WD,2008,36.82592,-83.39728,DAYHOIT,Kentucky,40824,125
Roush Performance,Stage 3 F150 Super Crew 4WD,2008,36.885197,-83.39069,DAYHOIT,Kentucky,40824,125
GMC,Sierra 1500 4WD,1997,35.791122,-78.787445,CARY,North Carolina,27511,126
GMC,Sierra 1500 4WD,1997,35.808525,-78.797104,CARY,North Carolina,27511,126
GMC,Sierra 1500 4WD,1997,35.80139,-78.765755,CARY,North Carolina,27511,126
GMC,Sierra 1500 4WD,1997,35.802322,-78.77051,CARY,North Carolina,27511,126
GMC,Sierra 1500 4WD,1997,35.80223,-78.792656,CARY,North Carolina,27511,126
GMC,Sierra 1500 4WD,1997,35.805016,-78.764786,CARY,North Carolina,27511,126
GMC,Sierra 1500 4WD,1997,35.77369,-78.79229,CARY,North Carolina,27511,126
GMC,Sierra 1500 4WD,1997,35.733086,-78.81424,CARY,North Carolina,27511,126
GMC,Sierra 1500 4WD,1997,35.75891,-78.80188,CARY,North Carolina,27511,126
GMC,Sierra 1500 4WD,1997,35.779972,-78.7742,CARY,North Carolina,27511,126
GMC,Safari 2WD (passenger),1985,34.9684,-89.80164,OLIVE BRANCH,Mississippi,38654,127
GMC,Safari 2WD (passenger),1985,34.968594,-89.81664,OLIVE BRANCH,Mississippi,38654,127
GMC,Safari 2WD (passenger),1985,34.954697,-89.81756,OLIVE BRANCH,Mississippi,38654,127
GMC,Safari 2WD (passenger),1985,34.95262,-89.82019,OLIVE BRANCH,Mississippi,38654,127
GMC,Safari 2WD (passenger),1985,34.907127,-89.83193,OLIVE BRANCH,Mississippi,38654,127
GMC,Safari 2WD (passenger),1985,34.963192,-89.82921,OLIVE BRANCH,Mississippi,38654,127
GMC,Safari 2WD (passenger),1985,34.97646,-89.82486,OLIVE BRANCH,Mississippi,38654,127
Volkswagen,Passat,2018,40.0742,-76.40786,MOUNTVILLE,Pennsylvania,17554,128
Volkswagen,Passat,2018,40.073196,-76.42319,MOUNTVILLE,Pennsylvania,17554,128
Volkswagen,Passat,2018,40.0782,-76.454926,MOUNTVILLE,Pennsylvania,17554,128
Volkswagen,Passat,2018,40.03367,-76.40936,MOUNTVILLE,Pennsylvania,17554,128
Saab,900,1995,33.479595,-112.34867,AVONDALE,Arizona,85323,129
Saab,900,1995,33.418243,-112.322395,AVONDALE,Arizona,85323,129
Saab,900,1995,33.434856,-112.325714,AVONDALE,Arizona,85323,129
Saab,900,1995,33.423824,-112.31813,AVONDALE,Arizona,85323,129
Saab,900,1995,33.46596,-112.29296,AVONDALE,Arizona,85323,129
Saab,900,1995,33.446392,-112.30109,AVONDALE,Arizona,85323,129
Saab,900,1995,33.431114,-112.29886,AVONDALE,Arizona,85323,129
Saab,900,1995,33.436687,-112.280396,AVONDALE,Arizona,85323,129
Saab,900,1995,33.40015,-112.31047,AVONDALE,Arizona,85323,129
Saab,900,1995,33.455975,-112.335335,AVONDALE,Arizona,85323,129
Saab,900,1995,33.446777,-112.33905,AVONDALE,Arizona,85323,129
Ford,Explorer Sport Trac 2WD,2007,48.147022,-100.06612,BALTA,North Dakota,58313,130
Ford,Explorer Sport Trac 2WD,2007,48.157753,-100.01384,BALTA,North Dakota,58313,130
Ford,Explorer Sport Trac 2WD,2007,48.13703,-100.03261,BALTA,North Dakota,58313,130
Ford,Explorer Sport Trac 2WD,2007,48.160404,-100.01101,BALTA,North Dakota,58313,130
Ford,Explorer Sport Trac 2WD,2007,48.14279,-100.05311,BALTA,North Dakota,58313,130
Ford,Explorer Sport Trac 2WD,2007,48.143127,-99.98292,BALTA,North Dakota,58313,130
Ford,Explorer Sport Trac 2WD,2007,48.178936,-100.03722,BALTA,North Dakota,58313,130
Isuzu,Trooper,1991,38.956734,-121.38368,SHERIDAN,California,95681,131
Isuzu,Trooper,1991,38.95827,-121.33535,SHERIDAN,California,95681,131
Isuzu,Trooper,1991,38.974785,-121.372604,SHERIDAN,California,95681,131
Isuzu,Trooper,1991,38.9943,-121.35934,SHERIDAN,California,95681,131
Isuzu,Trooper,1991,39.00492,-121.34507,SHERIDAN,California,95681,131
GMC,Safari 2WD (cargo),1987,40.961483,-74.5883,LAKE HOPATCONG,New Jersey,7849,132
GMC,Safari 2WD (cargo),1987,40.99052,-74.599174,LAKE HOPATCONG,New Jersey,7849,132
GMC,Safari 2WD (cargo),1987,40.983322,-74.62031,LAKE HOPATCONG,New Jersey,7849,132
GMC,Safari 2WD (cargo),1987,40.99296,-74.63778,LAKE HOPATCONG,New Jersey,7849,132
GMC,Safari 2WD (cargo),1987,40.992954,-74.63843,LAKE HOPATCONG,New Jersey,7849,132
GMC,Safari 2WD (cargo),1987,40.925236,-74.62717,LAKE HOPATCONG,New Jersey,7849,132
GMC,Safari 2WD (cargo),1987,40.989357,-74.61593,LAKE HOPATCONG,New Jersey,7849,132
GMC,Sierra 1500 4WD,1995,43.180496,-99.24897,BURKE,South Dakota,57523,133
GMC,Sierra 1500 4WD,1995,43.166878,-99.28867,BURKE,South Dakota,57523,133
Cadillac,CTS,2014,40.66231,-73.94601,BROOKLYN,New York,11228,134
Cadillac,CTS,2014,40.605488,-73.92274,BROOKLYN,New York,11228,134
Cadillac,CTS,2014,40.668102,-73.92178,BROOKLYN,New York,11228,134
Cadillac,CTS,2014,40.613796,-73.972336,BROOKLYN,New York,11228,134
Isuzu,I-Mark,1987,38.028435,-84.408165,LEXINGTON,Kentucky,40503,135
Isuzu,I-Mark,1987,38.03655,-84.438896,LEXINGTON,Kentucky,40503,135
Isuzu,I-Mark,1987,38.039986,-84.41776,LEXINGTON,Kentucky,40503,135
Isuzu,I-Mark,1987,38.036263,-84.47471,LEXINGTON,Kentucky,40503,135
Scion,xD,2008,44.67322,-73.66262,CADYVILLE,New York,12918,136
Scion,xD,2008,44.639572,-73.69288,CADYVILLE,New York,12918,136
Mercedes-Benz,C350,2006,40.847706,-75.165344,ACKERMANVILLE,Pennsylvania,18010,137
Mercedes-Benz,C350,2006,40.862484,-75.13613,ACKERMANVILLE,Pennsylvania,18010,137
Mercedes-Benz,C350,2006,40.841846,-75.1667,ACKERMANVILLE,Pennsylvania,18010,137
Mercedes-Benz,C350,2006,40.832542,-75.12896,ACKERMANVILLE,Pennsylvania,18010,137
Mercedes-Benz,C350,2006,40.808975,-75.17737,ACKERMANVILLE,Pennsylvania,18010,137
Mercedes-Benz,C350,2006,40.83819,-75.14101,ACKERMANVILLE,Pennsylvania,18010,137
Mercedes-Benz,C350,2006,40.858505,-75.14685,ACKERMANVILLE,Pennsylvania,18010,137
Mercedes-Benz,C350,2006,40.827164,-75.16346,ACKERMANVILLE,Pennsylvania,18010,137
Mercedes-Benz,C350,2006,40.86645,-75.1924,ACKERMANVILLE,Pennsylvania,18010,137
Mercedes-Benz,C350,2006,40.85586,-75.20728,ACKERMANVILLE,Pennsylvania,18010,137
Mercedes-Benz,C350,2006,40.855026,-75.13292,ACKERMANVILLE,Pennsylvania,18010,137
Chrysler,Sebring Convertible,2002,30.073603,-94.151596,BEAUMONT,Texas,77707,138
Chrysler,Sebring Convertible,2002,30.061993,-94.117455,BEAUMONT,Texas,77707,138
Chrysler,Sebring Convertible,2002,30.07902,-94.145515,BEAUMONT,Texas,77707,138
Toyota,RAV4 AWD,2017,41.588097,-90.58438,DAVENPORT,Iowa,52805,139
Toyota,RAV4 AWD,2017,41.569237,-90.62236,DAVENPORT,Iowa,52805,139
Toyota,RAV4 AWD,2017,41.562046,-90.62221,DAVENPORT,Iowa,52805,139
Toyota,RAV4 AWD,2017,41.53147,-90.5988,DAVENPORT,Iowa,52805,139
Toyota,RAV4 AWD,2017,41.563683,-90.60156,DAVENPORT,Iowa,52805,139
Toyota,RAV4 AWD,2017,41.52409,-90.56422,DAVENPORT,Iowa,52805,139
Toyota,RAV4 AWD,2017,41.51724,-90.567215,DAVENPORT,Iowa,52805,139
Toyota,RAV4 AWD,2017,41.54561,-90.58359,DAVENPORT,Iowa,52805,139
Toyota,RAV4 AWD,2017,41.56232,-90.63666,DAVENPORT,Iowa,52805,139
Kia,Spectra 1.8L,2004,40.765285,-76.38076,LOCUSTDALE,Pennsylvania,17945,140
Kia,Spectra 1.8L,2004,40.769405,-76.35377,LOCUSTDALE,Pennsylvania,17945,140
Kia,Spectra 1.8L,2004,40.797287,-76.36208,LOCUSTDALE,Pennsylvania,17945,140
Kia,Spectra 1.8L,2004,40.786057,-76.366425,LOCUSTDALE,Pennsylvania,17945,140
Kia,Spectra 1.8L,2004,40.78741,-76.38762,LOCUSTDALE,Pennsylvania,17945,140
Kia,Spectra 1.8L,2004,40.747597,-76.370834,LOCUSTDALE,Pennsylvania,17945,140
Kia,Spectra 1.8L,2004,40.794365,-76.37975,LOCUSTDALE,Pennsylvania,17945,140
Kia,Spectra 1.8L,2004,40.77899,-76.34271,LOCUSTDALE,Pennsylvania,17945,140
Kia,Spectra 1.8L,2004,40.774963,-76.35178,LOCUSTDALE,Pennsylvania,17945,140
Kia,Spectra 1.8L,2004,40.76782,-76.35194,LOCUSTDALE,Pennsylvania,17945,140
Kia,Spectra 1.8L,2004,40.76975,-76.328606,LOCUSTDALE,Pennsylvania,17945,140
Mercedes-Benz,ML55 AMG,2002,44.21605,-74.42546,TUPPER LAKE,New York,12986,141
Mercedes-Benz,ML55 AMG,2002,44.221043,-74.43675,TUPPER LAKE,New York,12986,141
Suzuki,Grand Vitara,2011,39.020737,-83.94753,MOUNT ORAB,Ohio,45154,142
Suzuki,Grand Vitara,2011,39.047318,-83.89152,MOUNT ORAB,Ohio,45154,142
Suzuki,Grand Vitara,2011,39.039356,-83.92059,MOUNT ORAB,Ohio,45154,142
Suzuki,Grand Vitara,2011,39.03433,-83.91984,MOUNT ORAB,Ohio,45154,142
Suzuki,Grand Vitara,2011,38.99655,-83.89689,MOUNT ORAB,Ohio,45154,142
Suzuki,Grand Vitara,2011,39.062626,-83.911,MOUNT ORAB,Ohio,45154,142
Suzuki,Grand Vitara,2011,38.98684,-83.890205,MOUNT ORAB,Ohio,45154,142
Suzuki,Grand Vitara,2011,39.038074,-83.901146,MOUNT ORAB,Ohio,45154,142
Suzuki,Grand Vitara,2011,39.014774,-83.88746,MOUNT ORAB,Ohio,45154,142
Buick,Encore,2013,33.947884,-84.35681,ATLANTA,Georgia,30350,143
Buick,Encore,2013,33.971992,-84.337814,ATLANTA,Georgia,30350,143
Buick,Encore,2013,33.955585,-84.320274,ATLANTA,Georgia,30350,143
Buick,Encore,2013,33.959103,-84.29554,ATLANTA,Georgia,30350,143
Buick,Encore,2013,33.96346,-84.314896,ATLANTA,Georgia,30350,143
Buick,Encore,2013,33.996223,-84.34772,ATLANTA,Georgia,30350,143
Buick,Encore,2013,33.963047,-84.31698,ATLANTA,Georgia,30350,143
Buick,Encore,2013,33.96337,-84.29496,ATLANTA,Georgia,30350,143
Chevrolet,Citation II,1984,21.697832,-157.92027,KAHUKU,Hawaii,96731,144
Chevrolet,Citation II,1984,21.685163,-157.92984,KAHUKU,Hawaii,96731,144
Chevrolet,Citation II,1984,21.65486,-157.96783,KAHUKU,Hawaii,96731,144
Chevrolet,Citation II,1984,21.671915,-157.96074,KAHUKU,Hawaii,96731,144
Chevrolet,Citation II,1984,21.674974,-157.91428,KAHUKU,Hawaii,96731,144
Chevrolet,Citation II,1984,21.719784,-157.96379,KAHUKU,Hawaii,96731,144
Chevrolet,Citation II,1984,21.67105,-157.93118,KAHUKU,Hawaii,96731,144
Chevrolet,Citation II,1984,21.659225,-157.92395,KAHUKU,Hawaii,96731,144
Chevrolet,Citation II,1984,21.666395,-157.9634,KAHUKU,Hawaii,96731,144
Chevrolet,Citation II,1984,21.67046,-157.98729,KAHUKU,Hawaii,96731,144
Chevrolet,Citation II,1984,21.68868,-157.95403,KAHUKU,Hawaii,96731,144
Pontiac,Firebird,1984,34.16668,-118.366806,BURBANK,California,91505,145
Pontiac,Firebird,1984,34.141655,-118.33632,BURBANK,California,91505,145
Pontiac,Firebird,1984,34.155754,-118.36131,BURBANK,California,91505,145
Pontiac,Firebird,1984,34.165424,-118.30798,BURBANK,California,91505,145
Pontiac,Firebird,1984,34.167377,-118.29727,BURBANK,California,91505,145
Pontiac,Firebird,1984,34.190567,-118.36642,BURBANK,California,91505,145
Cadillac,XLR-V,2009,36.709938,-97.27992,TONKAWA,Oklahoma,74653,146
Cadillac,XLR-V,2009,36.685528,-97.27056,TONKAWA,Oklahoma,74653,146
Cadillac,XLR-V,2009,36.65728,-97.285416,TONKAWA,Oklahoma,74653,146
Audi,80 quattro,1990,40.327534,-91.447945,ALEXANDRIA,Missouri,63430,147
Audi,80 quattro,1990,40.371815,-91.43364,ALEXANDRIA,Missouri,63430,147
Porsche,968,1992,18.34436,-66.03936,TRUJILLO ALTO,Puerto Rico,976,148
Porsche,968,1992,18.364746,-65.98249,TRUJILLO ALTO,Puerto Rico,976,148
Porsche,968,1992,18.39269,-65.98925,TRUJILLO ALTO,Puerto Rico,976,148
Porsche,968,1992,18.346577,-66.01601,TRUJILLO ALTO,Puerto Rico,976,148
Porsche,968,1992,18.355377,-65.998405,TRUJILLO ALTO,Puerto Rico,976,148
Dodge,Ram 1500 Pickup 2WD,1994,27.34403,-82.64088,LONGBOAT KEY,Florida,34228,149
Dodge,Ram 1500 Pickup 2WD,1994,27.3715,-82.61762,LONGBOAT KEY,Florida,34228,149
